,m/z,Name,Formula
307.0838178877,308.0911,Glutathione,C10H17N3O6S
555.2692975341,556.27657,Enkephalin L,C28H37N5O7
624.0873082632,625.09457,,C14H28N10O10S4
493.3168156897,494.3241,PC_16:1_9Z_0:0_,C24H48NO7P
257.1028750516,258.11016,Glycerophosphocholine,C8H20NO6P
780.1092067055,781.11647,,C21H33N8O18PS2
347.0630811124,348.07036,Adenosine monophosphate,C10H14N5O7P
254.2246098628,255.2319,Hypogeic acid,C16H30O2
625.0869294704,626.09416,,C19H39N5O2S8
663.1091419334,664.11641,Fenugreekine,C21H27N7O14P2
308.1987698818,347.16191,Methylgingerol,C18H28O4
451.2698866023,452.27715,PE_16:1_9Z_0:0_,C21H42NO7P
626.0839768677,627.09143,,C23H27N6O7PS3
256.2402073027,257.24756,2-hydroxyhexadecanal,C16H32O2
342.2882560363,343.29553,,C19H38N2O3
479.3011671946,480.30844,PE_18:1_9Z_0:0_,C23H46NO7P
624.089021407,625.09622,,C31H32N2S6
497.2753872161,498.28264,PS_16:0_0:0_,C22H44NO9P
330.2770157386,331.28429,1-monohexadecanoylglycerol,C19H38O4
612.2907258755,613.29805,,C30H40N6O8
495.2597101548,496.26699,,C22H42NO9P
243.1834057892,244.19078,N-Undecanoylglycine,C13H25NO3
495.3324288114,496.33977,PC_16:0_0:0_,C24H50NO7P
278.1518329659,317.11497,alpha-CEHC,C16H22O4
342.1162150702,381.07936,Melibiose,C12H22O11
612.1521003808,613.15925,Oxidized glutathione,C20H32N6O12S2
370.3195356798,371.32681,,C21H42N2O3
521.3481349926,522.3554,LysoPC_18:1_9Z_,C26H52NO7P
467.3010905176,468.30845,LysoPC_14:0_0:0_,C22H46NO7P
361.2041851366,400.16732,,C24H27NO2
541.0610878842,542.06839,,C15H21N5O13P2
215.0558713098,216.06306,Glycerylphosphorylethanolamine,C5H14NO6P
624.0900788783,625.09723,,C18H32N4O12S4
310.1780385219,311.18531,"3-Hydroxy-6,8-dimethoxy-7_11_-eremophilen-12,8-olide",C17H26O5
228.2088971606,229.21627,Myristic acid,C14H28O2
282.2558879557,283.26317,Oleic acid,C18H34O2
414.2464998916,453.20966,,C18H38O10
370.220268279,409.18343,Octaethylene glycol,C16H34O9
312.175938084,313.18322,N-Undecylbenzenesulfonic acid,C17H28O3S
242.2245493667,243.23193,Isopentyl decanoate,C15H30O2
458.2726909719,497.23585,,C20H42O11
227.1886033179,228.19586,,C13H25NO2
326.1940672306,365.15723,Heptaethylene glycol,C14H30O8
276.1725599036,315.13572,Cyclandelate,C17H24O3
358.3083016352,359.31559,MG_18:0_0:0_0:0_,C21H42O4
390.2770064901,391.28428,12-Ketodeoxycholic acid,C24H38O4
406.3294279086,429.31865,,C22H46O6
450.355632051,489.31879,,C24H50O7
243.0871382835,244.09452,,C7H18NO6P
337.3344708299,338.34175,,C22H43NO
502.2989119336,541.26209,,C22H46O12
326.1915737835,327.19884,2-Dodecylbenzenesulfonic acid,C18H30O3S
453.2855021083,454.29281,PE_16:0_0:0_,C21H44NO7P
361.2464368707,362.25371,,C18H35NO6
554.2857966959,555.29288,,C25H47O11P
523.0503892546,524.0578,,C15H19N5O12P2
414.2042741124,453.1674,Eplerenone,C24H30O6
385.3191962792,424.28236,Pentadecanoylcarnitine,C22H43NO4
494.3818343586,533.34501,,C26H54O8
465.2854445078,466.2928,LysoPC_14:1_9Z_,C22H44NO7P
587.1330269877,626.09613,,
555.2729364769,556.28003,,C18H49N7O4S4
452.3362423549,475.32546,,C24H44N4O4
362.303209776,385.29243,,C20H42O5
324.1936900539,363.15686,Lactapiperanol D,C18H28O5
238.1416011701,277.10479,,C10H22O6
464.3712898982,503.33443,,C25H52O7
508.3974863465,547.36068,,C27H56O8
538.4081177151,577.37126,,C28H58O9
282.1678671866,321.13101,Hexaethylene glycol,C12H26O7
546.3250624878,585.28833,,C24H50O13
318.277030391,341.26625,,C18H38O4
219.9895702013,220.99695,,C4H12O4S3
420.3450690806,443.33429,,C23H48O6
286.21434567,325.17759,Hexadecanedioic acid,C16H30O4
194.1153114956,233.07846,Tetraethylene glycol,C8H18O5
480.2159175106,503.20514,,C18H41O10PS
328.2613558341,367.22454,MG_16:1_11Z_0:0_0:0_0:0_,C19H36O4
579.0081034776,580.01532,,C22H9N7O11S
552.4237092101,591.38683,,C29H60O9
298.2508367981,299.25808,3-Oxooctadecanoic acid,C18H34O3
618.2147929125,657.17793,,C17H38N12O7S3
255.2280190884,256.23526,,
402.2253684571,441.18852,Acetyl tributyl citrate,C20H34O8
314.2456395099,353.20884,MG_15:1_11Z_0:0_0:0_0:0_,C18H34O4
533.2926153092,556.28169,,C15H36N17O3P
582.4342938664,621.39745,,C30H62O10
524.2421150499,547.23132,,C24H48N2S5
624.0822630134,625.08935,,C22H20N14OS4
298.1602564017,299.16755,,C16H26O3S
254.2252269768,255.23253,,
533.2916209053,556.2809,,C19H53NO9P2S
556.2761419873,557.28351,,C27H48N4S4
596.450035098,635.41312,,C31H64O10
351.3137234778,352.32101,,C22H41NO2
270.2195089685,309.18265,3-Oxohexadecanoic acid,C16H30O3
288.0593796607,327.02254,Orotidine,C10H12N2O8
398.2433120737,399.25059,,C18H39O7P
274.2508139987,313.21393,,C16H34O3
568.2683584437,591.25753,,C26H52N2OS5
376.3188714631,399.30809,,C21H44O5
188.1047773826,227.06808,Azelaic acid,C9H16O4
422.3243176689,461.28753,,C22H46O7
280.2402371109,281.2475,Linoleic acid,C18H32O2
466.3505283285,505.31369,,C24H50O8
510.3768150779,549.33997,,C26H54O9
378.2981294004,401.28735,,C20H42O6
226.19327367,227.20045,5-Tetradecenoic acid,C14H26O2
302.2457548807,303.25304,MG_0:0_14:0_0:0_,C17H34O4
369.3242846161,408.28744,N-Stearoyl GABA,C22H43NO3
602.1110541267,625.10021,,C18H27N4O17P
340.2072426423,341.2145,,C19H32O3S
334.1578808746,373.12101,,C12H31O6PS
342.1467268602,381.10986,Austrobailignan 7,C20H22O5
626.460390216,665.42379,,C30H54N14O
572.2959372842,611.25942,PI_16:0_0:0_,C25H49O12P
353.3293339397,354.33664,,C22H43NO2
625.2146457616,626.22169,,C26H44NO10PS2
257.1038623446,258.11132,,
590.3514265551,629.31454,,C21H59N4O8PS2
534.2870923649,557.27631,,
296.2351555458,297.24244,13S-hydroxyoctadecadienoic acid,C18H32O3
640.4761990317,679.43942,,C31H56N14O
334.2719713636,357.26116,,
332.2926777337,371.25578,,C19H40O4
250.1204132546,251.12775,Ubiquinone-1,C14H18O4
662.4464550604,663.45374,,C42H63O4P
593.2161172182,594.22352,,C19H35N11O7S2
399.3348641583,400.34214,Hexadecanoylcarnitine,C23H45NO4
663.1054136873,664.11266,,C19H45N5O2S9
458.2814201455,459.28874,,C23H42N2O5S
570.2805135266,609.24354,PI_16:1_9Z_0:0_,C25H47O12P
187.1208269152,226.08406,8-Amino-7-oxononanoic acid,C9H17NO3
348.1734879605,387.13664,,C13H33O6PS
598.429250477,637.39249,,C25H59N8O6P
310.1569561079,311.16412,"2,3-Dehydrosalvipisone",C20H22O3
286.1416590615,325.10482,,C14H22O6
678.3030918407,679.31018,,C23H66O9S6
343.2358883298,344.24317,,C18H33NO5
535.295754427,558.28515,,C21H49N3O8S2
292.1886124576,331.15176,_S_-3-Octanol glucoside,C14H28O6
186.0892154645,225.05244,5-_2-Methylpropyl_tetrahydro-2-oxo-3-furancarboxylic acid,C9H14O4
612.2887473923,613.29608,,C34H40N6O3S
684.5022211825,723.46551,,C30H77N4O6PS2
522.413076563,561.37624,,C28H58O8
471.1868605013,510.1502,,C29H29NO3S
612.2944675738,635.28386,,C28H56N2O2S5
555.4346421577,556.44196,,
436.1896635057,459.17893,,C16H37O9PS
478.3868488287,517.35012,,C26H54O7
612.1133279185,613.12083,,C24H40N2O2S7
434.3607682752,457.34995,,C24H50O6
367.3086594227,406.27181,N-Oleoyl GABA,C22H41NO3
276.1572942597,299.14654,,C13H24O6
257.1019284632,258.10896,,
700.6716564106,723.66096,,C28H80N18O2
626.0882339605,627.09572,,C15H35N2O16PS3
285.0961368582,324.05913,N4-Acetylcytidine,C11H15N3O6
576.1268063633,577.13431,"Epicatechin-_2beta-_7,4beta-_6_-catechin",C30H24O12
598.7931953973,599.80038,,C17H5N5O2S9
230.0764881571,231.08398,,C14H14OS
490.2057021862,491.2132,,C23H38O7S2
190.1205077248,229.08363,,C9H18O4
543.8608576193,544.86794,,C12H16O8S8
821.5496667616,822.557,,C37H84N5O8PS2
692.8135984094,693.82074,,C15H12N5O9PS8
652.6869506947,675.67632,,C31H88N8O5
666.5908284359,667.59833,,C40H78N2O5
382.2121031609,421.17518,PA_14:0_0:0_,C17H35O7P
698.8167231406,699.82414,,C31H9NOS9
575.7441901416,614.7071,,
610.5856957538,611.59273,,C28H79N6O5P
608.6195698599,647.58253,,C35H76N8
547.0875384112,570.07697,,C12H17N15O7S2
218.1154004248,257.07865,3-Hydroxysebacic acid,C10H18O5
575.8153060521,614.77826,,C21H5O6PS6
636.2820063124,659.27137,,C16H41N14O11P
711.121152437,712.12846,,C41H21N5O6S
621.2694902115,622.27691,,C27H51N5OS5
821.7059232982,822.71296,,C42H95N9O2S2
718.7559515888,719.76335,,C18H13N3O4S12
661.1856901727,662.193,,C26H35N11O2S4
614.7266048174,615.73373,,C14H5N3O3S11
572.2394405401,595.22857,,
542.9820629924,543.9892,,C17H13N5O10S3
745.9969072755,747.00403,,C36H27O4PS6
657.337092635,658.34416,,C35H52N3O5PS
603.8609600964,604.86812,,
767.3978591271,768.40505,,C28H74N5O6PS5
618.7608756002,619.76836,,C19H9NOS11
593.3024717049,594.30985,,C18H40N15O6P
641.9168802907,642.92394,,C28H11N4O3PS5
552.2686396719,591.23159,,C25H28N16
597.785151096,598.79246,,C20H7O4PS8
666.5076752863,667.51476,,C32H70N6O6S
811.8894609069,812.89692,,C17H9N20O4PS7
533.2755281308,556.26486,,C21H35N13O2S
667.2396120411,668.24672,,C27H33N13O6S
659.0256928144,660.03314,,C24H23NO15P2S
802.5428263272,803.55001,,C40H70N10O7
614.682928044,615.69045,,
667.8311603484,706.79412,,C14H9N10O4PS8
612.6110709027,613.61831,,C37H80N4S
634.8229897678,635.83026,,C17H10N5O4PS8
771.1029454101,772.11005,,
645.2653809436,646.27251,,C20H48N5O14PS
573.9518345391,574.95888,,C11H23N6O5PS7
570.4409358987,571.44826,,C28H58N8O2S
674.6133830176,713.57634,,C24H74N20S
708.1839065983,709.1913,,C31H36N2O15S
649.4809064177,650.48806,,C31H73NO8P2
705.4412792912,706.44878,,
580.3771821417,603.36634,,C37H48N4O2
734.5278044689,735.53501,,C26H76N10O9P2
582.5050861741,583.51238,,C29H78N2S4
754.61659126,755.62374,,C36H91N4O5PS2
565.8489116443,566.85621,,C11H10N4O9S7
792.0640265467,793.07126,,C20H26N8O22P2
595.7586196925,596.76611,,C14H5N4O3PS9
631.8157401598,670.77871,,C19H4O15S5
758.2781367105,759.28551,,C24H53N6O15P3
638.1072934555,661.09632,,C20H22N12O9S2
661.845509105,700.80863,,C22H6N4O9S6
627.4036307316,666.36701,,C23H63N7O6P2S
749.8902481243,750.89777,,C23H6N6O18S3
563.5661652221,586.55539,,
624.8954188848,663.85856,,C23H7N5O7S5
564.3927890911,565.39991,,C28H68S5
454.2414089165,493.20451,Methyl cellulose,C20H38O11
750.363213666,751.37056,,C26H75N2O7PS6
572.3744377437,573.38172,,C18H49N14O5P
699.4199691337,738.38314,,C37H65NO7S2
636.8049106402,659.79414,,C23H11NOS10
546.1033626048,547.11089,,C12H26N12O5S4
675.8839752828,698.8733,,C13H4N14O10S5
590.3761351067,613.3654,,C18H50N14O6S
400.2097030681,439.17288,Cincassiol B,C20H32O8
601.27918197,624.26837,,C27H39N9O5S
556.2645354618,557.27171,,C24H45O12P
656.7289591008,695.69233,,C11H4N3O12PS8
807.0837065448,808.09106,,C32H17N13O12S
700.206537904,723.19557,,C35H29N10O5P
583.5685172711,584.5756,,C32H77N3O3S
570.734676037,571.74218,,
721.6423753885,744.63139,,C31H79N17S
677.632027963,700.621,,C43H83NO4
811.2937509111,812.30093,,
749.4451717195,788.40855,,C44H59N7O2S
566.453270195,589.44236,,C31H54N10
720.9452492471,759.90817,,C19H7N13O13S3
863.8741791758,886.86346,,C34H8N8O9S6
586.030078143,624.99338,,C21H21N2O12P3
574.4764193811,613.43958,,C23H63N10O4P
587.0720619953,610.06117,,C12H26N7O14PS2
536.7774932019,575.7407,,C9H4N3O8PS7
732.7051114233,733.71243,,C18H7NO9S11
583.9930868626,606.98252,,C22H16O15S2
508.2996605426,509.3069,,C18H49N6O4PS2
568.5145434605,607.47791,,C22H68N10O4S
840.039830309,841.04708,,C39H16N6O15S
794.7586948374,833.72197,,C33H94N16O5
575.3094519271,598.29884,,C26H50N5O3PS2
564.7300326272,603.6931,,
579.4152271355,618.37814,,
571.0164882514,594.00556,,C10H22N9O9PS4
602.5338647854,625.52326,,C25H74N6O7S
553.877683731,576.86704,,C9H10N6O10S6
564.8814743918,587.87061,,C23H7N3O3S6
591.5916791535,630.55475,,C27H77N9O2S
566.7117017378,605.67498,,
843.6715672872,844.67876,PC_16:0_24:1_15Z_,C48H94NO8P
566.4907900926,605.45372,DG_10:0_22:1_11Z_0:0_,C35H66O5
638.3746025629,661.36364,,C20H60N6O12P2
574.8560481132,597.84549,,C13H9N3O11S6
547.9299059457,586.89308,,
739.1225057669,762.11164,,C26H13N25S2
549.7962176946,588.75946,,C13H10O6S9
631.8538780826,654.84297,,C22H16O4S9
573.3699814952,612.33309,,C17H48N15O5P
799.6990669718,822.68849,,C22H8O11S11
715.3885983028,738.37799,,C21H58N13O10PS
666.9509107598,689.94032,,C17H33NO6S10
721.1688015301,744.15824,,C28H28N13O7PS
548.1820332055,571.17129,,C28H29N4O6P
546.5455331818,585.50854,,C31H70N4O3
663.6711675701,686.66062,,C36H85N7O3
785.2711382981,824.23417,,C32H54NO15P3
719.3370766015,758.30036,,C29H62N5O5PS4
571.7465888743,594.7358,,
562.3626772437,563.36995,PA_12:0_14:1_9Z_,C29H55O8P
633.7129619731,656.70201,,
529.8688026946,568.83174,,C25H6O2S6
556.5725193273,579.56153,,C27H72N8O3
604.4544015464,627.44369,,C28H69N4O3PS2
550.2382979434,573.2275,,C32H38O6S
580.2741528961,603.26315,,C21H41N8O9P
547.6865102657,570.67581,,
725.5174978572,748.50655,,C44H67N7S
715.0420747333,738.03135,,C25H30N7O4PS6
758.2379028901,781.22732,,C23H46N14O5S5
659.4573977265,660.46446,PE-NMe2_14:1_9Z_14:1_11Z_,C35H66NO8P
663.1122771053,664.11955,,C27H21N9O10S
619.4210444106,620.42808,PC_10:0_14:1_9Z_,C32H62NO8P
202.1205334871,225.10972,dipropyl succinate,C10H18O4
747.9724088298,770.96172,,C29H13N6O13PS2
544.2663255757,545.2738,"Lyso-PS_20:4_5Z,8Z,11Z,14Z_0:0_",C26H43NO9P
826.4805782399,827.48763,PGP_14:1_11Z_20:1_11Z_,C40H76O13P2
264.1045164793,265.11179,,C12H16N4OS
398.1372306563,399.14451,,C15H22N6O5S
276.1321683919,277.13944,Saccharopine,C11H20N2O6
297.0895936939,298.09687,5_-S-methyl-5_-thioadenosine,C11H15N5O3S
306.0759963629,307.08327,Leucocyanidin,C15H14O7
222.0674848266,223.07476,L-Cystathionine,C7H14N2O4S
309.079626194,310.0869,,C14H11N7S
468.0654687685,469.07275,,C11H24N4O10S3
207.3617415684,208.36902,,
781.108776311,782.11605,,C26H44N3O10PS6
331.5545688242,332.56185,,
250.0624054083,251.06968,gamma-Glutamylcysteine,C8H14N2O5S
267.0967973522,268.10407,Adenosine,C10H13N5O4
330.1597441897,331.16702,,C16H27O5P
555.2714420222,556.27872,,C24H45NO11S
401.3504904426,402.35777,,C23H47NO4
314.1857974129,315.19307,,C13H31O6P
424.1014623909,425.10874,,C20H24O6S2
308.1307178122,309.13799,,C14H20N4O2S
212.091008594,213.09829,Glycyl-Histidine,C8H12N4O3
284.271563201,285.27884,Stearic acid,C18H36O2
782.1060219877,783.1133,,C29H14N22O3S2
363.0580078456,364.06528,8-Oxo-dGMP,C10H14N5O8P
324.1056544195,325.11293,,C12H20O10
296.6081229487,297.6154,,
378.1808545165,379.18813,,C17H31O7P
201.1727696159,202.18005,,C11H23NO2
389.000432724,390.00771,,C10H16NO9PS2
362.2069309713,363.21421,trans-Isohumulone,C21H30O5
312.2664548516,313.27373,,C19H36O3
338.1770090311,339.18429,,C16H34OS3
236.2140711916,237.22135,"3-_5,6,6-Trimethylbicyclo_2.2.1_hept-1-yl_cyclohexanol",C16H28O
203.115666118,204.12294,L-Acetylcarnitine,C9H17NO4
427.366156858,428.37343,Stearoylcarnitine,C25H49NO4
429.3818086311,430.38909,,C25H51NO4
378.1573003609,379.16458,,C14H26N4O6S
259.995789085,261.00307,,C12H4O7
255.2926555994,256.29993,,C17H37N
555.2721256396,556.2794,,C25H49NO6S3
270.2559171241,271.26319,Heptadecanoic acid,C17H34O2
646.451475395,647.45875,,C42H63O3P
624.0840032687,625.09128,,C14H25N8O16PS
453.1893303082,454.19661,,C16H31N5O8S
307.0853216805,308.0926,,C8H22NO7PS
264.0158642118,265.02314,,C6H16O5S3
556.2663792663,557.27366,,
306.5776608614,307.58494,,
440.096385563,441.10366,,C20H24O7S2
546.101886626,547.10916,,C12H25N10O9P3
340.2016151107,341.20889,,C15H33O6P
555.2660437654,556.27332,,C24H49N3O3S4
444.8369953847,445.84427,,C10H7NO5S7
624.0909009021,625.09818,,C21H25N10O5PS3
936.1311096856,937.13839,,C26H49O28PS3
398.350832604,399.35811,,C23H46N2O3
259.3713738296,260.37865,,
334.0566250119,335.0639,Nicotinamide ribotide,C11H15N2O8P
556.2746949441,557.28197,,C20H37N12O5P
555.26648771,556.27376,,C21H50NO9PS2
493.1017691953,494.10905,,C26H23NO5S2
213.9992655181,215.00654,,
627.0837351048,628.09101,,C25H29N3O8S4
225.1727839006,226.18006,,C13H23NO2
328.1497783866,329.15705,,C20H24O2S
307.0819476473,308.08922,,C14H9N7O2
410.3912416732,411.39852,Squalene,C30H50
555.2652562816,556.27253,,C33H38N3O3P
557.2735023567,558.28078,,C22H47N5O5S3
780.111783905,781.11906,,C26H40O19P4
624.0830468903,625.09032,,C19H21N12O7PS2
231.1332103423,232.14049,Arginyl-Glycine,C8H17N5O3
375.0810625637,376.08834,,C15H21NO6S2
552.2699205176,553.2772,,C25H45O11P
258.1216197999,259.1289,gamma-L-Glutamyl-L-pipecolic acid,C11H18N2O5
308.0832341648,309.09051,,
332.056241341,333.06352,,C15H13N2O5P
625.0923602387,626.09964,,C39H11N7O3
207.694954647,208.70223,,
342.1654529271,343.17273,,C21H26O2S
539.1355818544,540.14286,,C16H17N19S2
287.246042436,288.25332,Lauroyl diethanolamide,C16H33NO3
364.1052629514,365.11254,,C12H20N4O7S
403.2083427423,404.21562,,C14H34N3O8P
367.9977576145,369.00503,,C12H17O5PS3
523.2909970219,524.29827,1-Oleoylglycerophosphoserine,C24H46NO9P
220.369559365,221.37684,,
489.1693265136,490.1766,,C17H31NO15
384.1619881487,385.16926,,C20H24N4O2S
307.0849666203,308.09224,,C11H21N3OS3
255.2925491214,256.29983,,
469.065007834,470.07228,,C8H23N9O6S4
400.1568946137,401.16417,,C20H24N4O3S
624.0918505702,625.09913,,C19H20N12O9S2
406.1634511861,407.17073,,C14H26N6O6S
277.5652560509,278.57253,,
266.1003336719,267.10761,,C10H18O8
307.0859774404,308.09325,,C19H9N5
345.0307414349,346.03802,,C16H11NO6S
207.6962167146,208.70349,,
308.0808683623,309.08814,,C18H8N6
384.1215888129,385.12887,S-Adenosylhomocysteine,C14H20N6O5S
297.1706496983,298.17793,,C12H28NO5P
216.0974284751,217.1047,,C14H16S
304.0219946729,305.02927,,C14H8O8
472.1225838025,473.12986,,C21H28O8S2
555.2642559242,556.27153,,C17H38N11O8P
219.9894672389,220.99674,,
626.086885189,627.09416,,C30H14N10O5S
488.1073211685,489.1146,Citicoline,C14H26N4O11P2
281.1966461759,282.20392,,C12H23N7O
271.2511819056,272.25846,,C16H33NO2
307.0814617985,308.08874,,C14H17N3OS2
289.1274004049,290.13468,Ophthalmic acid,C11H19N3O6
439.269894132,440.27717,LysoPE_0:0_15:0_,C20H42NO7P
488.2216929566,489.22897,,C16H24N16O3
339.0736494746,340.08093,,C10H17N3O8S
382.2031878213,383.21046,,C18H38O2S3
537.1199274949,538.1272,,C17H33NO12P2S
315.9872400192,316.99452,,C8H8N6O2S3
275.1481454476,276.15542,Epsilon-_gamma-Glutamyl_-lysine,C11H21N3O5
340.2977434861,341.30502,Polyoxyethylene _600_ monoricinoleate,C21H40O3
249.0790565745,250.08633,,C16H11NO2
259.045740368,260.05302,Glucosamine-1P,C6H14NO8P
367.2125092496,368.21979,,C16H34NO6P
780.1050277217,781.1123,,C28H48N2O5S9
307.0738924746,308.08117,,
297.1098091595,298.11709,,
462.1746651442,463.18194,,C21H34O7S2
241.9852538173,242.99253,,C5H10N2O3S3
208.02739415,209.03467,,C12H4N2O2
307.9409664145,308.94824,,C7H4N2O8S2
309.2304096118,310.23769,,C18H31NO3
426.0686399419,427.07592,,C17H6N12O3
351.1100422544,352.11732,S-_2-Hydroxyethyl_glutathione,C12H21N3O7S
307.0820297766,308.08931,,C11H18NO7P
426.3821566859,427.38943,"_S_-2,3-epoxysqualene",C30H50O
286.0818764517,287.08915,,C9H19O8P
359.0861571251,360.09343,,C15H21NO5S2
430.8213414451,431.82862,,C9H5NO5S7
335.0406321303,336.04791,,C11H14NO9P
469.2440728133,470.25135,,C20H40NO9P
254.0901804953,255.09746,L-Agaridoxin,C11H14N2O5
361.1614213791,362.1687,,C11H28N3O8P
298.0818853463,299.08916,,
271.9610173948,272.96829,,C6H4N6OS3
251.9665064211,252.97378,,C9H4N2O3S2
341.6127268886,342.62,,
201.1749731669,202.18225,,
208.1464085422,209.15368,"3-Hydroxy-7,8-dihydro-beta-ionol",C13H20O2
290.1882075289,291.19548,"_9Z,11E,13E,15Z_-4-Oxo-9,11,13,15-octadecatetraenoic acid",C18H26O3
517.2168202965,518.2241,,C24H39NO7S2
443.0076506103,444.01493,,C16H14NO10PS
299.282447629,300.28972,Sphingosine,C18H37NO2
340.1926620781,341.19994,,C16H36OS3
555.1304687085,556.13775,,C18H29N5O11S2
268.2401689019,269.24745,Cyclohexaneundecanoic acid,C17H32O2
425.2542284629,426.2615,PE_14:0_0:0_,C19H40NO7P
364.0222656572,365.02954,,C14H5N8O3P
298.2871899727,299.29447,Isopropyl palmitate,C19H38O2
281.1967881815,282.20406,,
391.1123717584,392.11965,,C16H25NO6S2
624.0811270606,625.0884,,C18H33N4O10PS4
556.2701095812,557.27739,,C33H32N8O
410.0494358428,411.05671,,C18H18O7S2
244.0182672138,245.02554,,
225.95561324,226.96289,,
368.3766615143,369.38394,,C23H48N2O
241.9850481991,242.99232,,
225.9554358857,226.96271,,
442.0756423627,443.08292,,C19H22O8S2
305.068161098,306.07544,,C10H15N3O6S
333.2151434908,334.22242,,C16H31NO6
367.4178037065,368.42508,,C25H53N
663.1110682139,664.11834,,C15H23N17O8P2S
311.96715964,312.97444,,C11H5O9P
283.0916942026,284.09897,Guanosine,C10H13N5O5
203.1268992141,204.13418,Glycyl-Lysine,C8H17N3O3
477.3143781092,478.32165,,C33H39N3
278.0314822666,279.03876,,C7H18O5S3
341.0552494878,342.06253,,C11H15N7S3
301.1889383812,302.19621,,C15H27NO5
282.1079547306,283.11523,,C18H18OS
481.3167838301,482.32406,PE_18:0_0:0_,C23H48NO7P
355.3450176173,356.35229,,C22H45NO2
322.1994889993,323.20677,,
337.0943779384,338.10165,S-_Hydroxymethyl_glutathione,C11H19N3O7S
344.1237518834,345.13103,,C12H25O9P
507.3325081806,508.33978,LysoPE_0:0_20:1_11Z_,C25H50NO7P
414.2294235339,415.2367,,C19H42O3S3
240.208834892,241.21611,9-Pentadecenoic acid,C15H28O2
354.1474149059,355.15469,,C14H22N6O3S
206.9591108939,207.96639,,
325.2253230707,326.2326,10-Nitrolinoleic acid,C18H31NO4
334.0665297102,335.07381,1-_sn-glycero-3-phospho_-1D-myo-inositol,C9H19O11P
236.0207954263,237.02807,,
780.1133147173,781.12059,,C19H41N8O13PS5
281.2718534071,282.27913,Oleamide,C18H35NO
309.1688593243,310.17614,Lysyl-Tyrosine,C15H23N3O4
297.056836433,298.06411,,C7H7N9O5
436.1263862448,437.13366,,C15H24N4O9S
218.203489835,219.21077,"_3E,7E_-4,8,12-Trimethyl-1,3,7,11-tridecatetraene",C16H26
268.1535826359,269.16086,Histidinyl-Isoleucine,C12H20N4O3
270.1079839313,271.11526,,C17H18OS
210.0868442668,211.09412,,
307.0866308194,308.09391,S_8_-succinyldihydrolipoamide,C12H21NO4S2
308.0420294062,309.04931,,C8H20O6S3
372.0117792069,373.01906,,C17H8O10
508.4491277029,509.4564,FAHFA_16:1_9Z_5-O-16:0_,C32H60O4
218.010381733,219.01766,,C5H14O3S3
564.1866470291,565.19392,Castavinol C1,C27H32O13
555.2633716268,556.27065,,C20H37N13O2S2
227.9348652186,228.94214,,
231.640434733,232.64771,,
401.8679407462,402.87522,,C10H2N4O4S5
530.2501155755,531.25739,,C26H30N10O3
257.2718866583,258.27916,,C16H35NO
443.3610065487,444.36828,12-Hydroxy-12-octadecanoylcarnitine,C25H49NO5
701.3747618361,702.38204,,C34H51N7O9
228.9199659849,229.92724,,
522.1396466883,523.14692,,C15H31N4O12PS
307.0807551633,308.08803,,C13H13N3O6
254.223797712,255.23107,,
283.3239341089,284.33121,,C19H41N
335.3188469649,336.32612,Pipericine,C22H41NO
303.1542594174,304.16154,Arginyl-Glutamic acid,C11H21N5O5
411.2385824393,412.24586,Lyso-PC_10:0_0:0_,C18H38NO7P
350.5280150593,351.53529,,
438.9814121275,439.98869,,C12H13N3O9S3
369.995945944,371.00322,,C12H11N4O4PS2
400.1330164557,401.14029,,C16H33O3PS3
782.1090439892,783.11632,,C22H23N16O13PS
213.9991080166,215.00638,,
206.9592544933,207.96653,,
592.3588303539,593.36611,,C26H57O12P
392.0235874212,393.03086,,C14H16O9S2
326.1131891847,327.12047,,C12H23O8P
286.2508146507,287.25809,Avocadene,C17H34O3
264.0157017737,265.02298,,
288.0764174558,289.08369,,C12H17O6P
500.3131242522,501.3204,,C22H48N2O8S
308.0882687024,309.09555,,C9H17N4O6P
312.1613599022,313.16864,,C14H32OS3
323.0964979321,324.10377,,C10H17N3O9
236.0209552918,237.02823,,
408.1314773549,409.13875,,C14H24N4O8S
624.0940406643,625.10132,,C16H32N8O8S5
271.2147682667,272.22204,Tridecanoylglycine,C15H29NO3
355.0685462497,356.07582,,C10H17N3O9S
265.6318939818,266.63917,,
207.3614515972,208.36873,,
431.2144991397,432.22178,,C14H34N5O8P
348.1527718858,349.16005,,C16H29O4PS
271.1644730032,272.17175,Arginyl-Proline,C11H21N5O3
521.0739917033,522.08127,,C21H19N3O11S
616.1832343967,617.19051,,C38H33O4PS
783.1055138551,784.11279,,C23H36N3O21P3
398.1706129689,399.17789,,C16H31O9P
440.0931035423,441.10038,,C16H28N2O4S4
234.1620018487,235.16928,Valerenic acid,C15H22O2
555.2619993766,556.26928,,C34H37NO6
342.1080925255,343.11537,,C12H23O9P
292.1715269729,293.1788,,
228.9201317826,229.92741,,
229.2404957506,230.24777,,C14H31NO
380.0236191607,381.0309,,C13H16O9S2
315.2773514702,316.28463,Dehydrophytosphingosine,C18H37NO3
495.3211172367,496.32839,,C28H41N5O3
204.0785989915,205.08588,Anofinic acid,C12H12O3
447.1587962134,448.16607,,C13H17N15O4
452.3613644963,453.36864,,C26H48N2O4
408.0701958208,409.07747,,C19H20O6S2
252.2089273655,253.2162,"7Z,10Z-Hexadecadienoic acid",C16H28O2
303.1430505885,304.15033,,
307.0796969783,308.08697,,C7H14N7O5P
257.1014814724,258.10876,,
382.0181418467,383.02542,,C16H14O7S2
429.8628424991,430.87012,,
270.0964025246,271.10368,Aspartyl-Histidine,C10H14N4O5
255.2562733462,256.26355,Palmitic amide,C16H33NO
442.1852146462,443.19249,,C22H26N4O6
220.1099486798,221.11723,1-_5-Acetyl-2-hydroxyphenyl_-3-methyl-1-butanone,C13H16O3
284.1120951879,285.11937,Glutamylhistidine,C11H16N4O5
207.3619285113,208.3692,,
339.1622605489,340.16954,,C24H21NO
226.1568216313,227.1641,Methyl dihydrojasmonate,C13H22O3
780.1149089578,781.12219,,C31H24N16O2S4
356.214325224,357.2216,,C11H24N12O2
555.2760287712,556.28331,,C14H41N11O10S
399.134279732,400.14156,,
203.0817397293,204.08902,,
496.992945345,498.00022,,C17H12N3O11PS
305.1223068958,306.12958,,C11H19N3O7
214.1932519061,215.20053,Isoamyl octanoate,C13H26O2
625.0834527575,626.09073,,C18H7N23O3S
319.0184694573,320.02575,,C11H13NO6S2
282.0869772451,283.09425,,
388.087619562,389.0949,,C14H20N4O5S2
329.3293864202,330.33666,,C20H43NO2
248.9766353425,249.98391,,C7H7NO5S2
223.0708561377,224.07813,,
624.0791697388,625.08645,,C29H25N2O8PS2
479.2647976741,480.27207,,C18H41N9S3
356.0197679874,357.02704,,C16H9N2O6P
284.2351682088,285.24244,Avocadyne,C17H32O3
390.1484138682,391.15569,,C12H26N2O12
200.1775759522,201.18485,Butyl octanoate,C12H24O2
458.81621537,459.82349,,C10H5NO6S7
625.0943321773,626.10161,,C17H40NO11PS5
332.0168963401,333.02417,,C15H8O9
426.0879086592,427.09519,Cysteineglutathione disulfide,C13H22N4O8S2
259.7045817515,260.71186,,
770.6384724525,771.64575,,C37H94N4O5S3
432.9804348623,433.98771,,C13H12N3O8PS2
373.3191901786,374.32647,,C21H43NO4
253.1538366941,254.16111,,C11H19N5O2
348.0601133416,349.06739,,C8H12N8O6S
423.0947593639,424.10204,,C14H21N3O10S
461.1541805823,462.16146,,C20H31NO7S2
612.2925068119,613.29978,,C28H45N4O9P
371.339965472,372.34724,,C22H45NO3
510.4648024932,511.47208,Propylene glycol mono- and diesters of fats and fatty acids,C32H62O4
626.0812779721,627.08855,,C18H19N12O10PS
381.3242811201,382.33156,,C23H43NO3
626.3062660252,627.31354,,C39H46O5S
354.1493661105,355.15664,,C10H30N2O7S2
474.0138040874,475.02108,,C14H18O14S2
389.1926807694,390.19996,,C13H32N3O8P
544.339338246,545.34661,,C24H52N2O9S
649.200046692,650.20732,,C28H31N11O4S2
761.0860451204,762.09332,,C35H23NO19
937.1304783395,938.13775,,
283.9927244606,285.0,,C10H8N2O4S2
410.0858206748,411.0931,,C19H22O6S2
218.0193438922,219.02662,,
353.0892995811,354.09658,,C11H19N3O8S
401.9988525717,403.00613,,C14H11O12P
617.1164014729,618.12368,,C21H15N17O5S
405.1280051031,406.13528,,C17H27NO6S2
249.9643149061,250.97159,,
555.2627359409,556.27001,,C27H37N7O4S
522.1746334422,523.18191,,C26H34O7S2
435.0624120409,436.06969,,C19H17NO9S
323.9324359502,324.93971,,C5H5N6O3PS3
241.204121889,242.2114,,C14H27NO2
410.0910530921,411.09833,,C25H18N2S2
332.1578594939,333.16514,,
548.9644229656,549.9717,,C12H12N11O5PS4
395.2438089883,396.25109,,C18H38NO6P
397.2464108725,398.25369,,C21H35NO6
494.3224625032,495.32974,,C17H50N8O2S3
518.1594907263,519.16677,,C15H18N16O6
247.1532269203,248.1605,Lysyl-Threonine,C10H21N3O4
614.1477412194,615.15502,,C13H31N10O14PS
256.117216464,257.12449,2-_3-Carboxy-3-aminopropyl_-L-histidine,C10H16N4O4
456.0912650935,457.09854,,C20H24O8S2
614.167638901,615.17492,"_3-hydroxy-16,17-dimethoxy-9-oxo-15-_3,4,5-trihydroxy-6-_hydroxymethyl_oxan-2-yl_oxy_tricyclo_12.3.1.1_,_nonadeca-1_17_,2,4,6_19_,14_18_,15-hexaen-8-yl_oxidanesulfonic acid",C27H34O14S
264.1033565562,265.11063,,C11H20O5S
200.2930225885,201.3003,,
470.3395769081,471.34685,Glycyrrhetinic acid,C30H46O4
555.2597446175,556.26702,,C27H42NO9P
414.1389151466,415.14619,,C11H19N12O4P
326.1770105373,327.18429,,C15H34OS3
382.1029848711,383.11026,,C14H23O10P
556.2776201481,557.2849,,C22H44N4O10S
206.0006536605,207.00793,,C6H10N2S3
663.106218396,664.11349,,C26H29N7O6S4
226.1065476547,227.11382,"_6R_-6-_l-erythro-1,2-dihydroxypropyl_-5,6,7,8-tetrahydro-4a-hydroxypterin",C9H14N4O3
208.0710454509,209.07832,,C7H8N6O2
276.133174426,277.14045,,C12H16N6O2
322.1488852059,323.15616,,C11H22N4O7
639.4225735979,640.42985,,C18H49N21O5
304.5942679322,305.60154,,
343.3086546246,344.31593,,C20H41NO3
474.1858052166,475.19308,,C21H34N2O6S2
338.1132015605,339.12048,,C13H23O8P
438.0654899793,439.07277,,C16H22O10S2
374.9848109481,375.99209,,C9H14NO9PS2
780.1034615715,781.11074,,C38H22N8O8P2
303.2926416216,304.29992,,C21H37N
289.1386375937,290.14591,Arginyl-Aspartic acid,C10H19N5O5
354.2079931844,355.21527,,C16H34O6S
231.7409715767,232.74825,,
718.4016184159,719.40889,,C28H74N6S7
288.6193596715,289.62664,,
264.2452587364,265.25254,_-_Z_-2-_5-Tetradecenyl_cyclobutanone,C18H32O
264.952237317,265.95951,,
519.3254345311,520.33271,,C20H37N15O2
264.1055611361,265.11284,,
576.9592047858,577.96648,,C21H16N5O3PS5
555.2774461917,556.28472,,C23H33N13O4
260.148486954,261.15576,Asparaginyl-Lysine,C10H20N4O4
237.2174398563,238.22472,,
294.1831072977,295.19038,Gingerol,C17H26O4
556.2680277382,557.2753,,C25H52N2OS5
302.1283052397,303.13558,,C14H23O5P
309.3031939549,310.31047,N-Hexadecanoylpyrrolidine,C20H39NO
344.1470923138,345.15437,_-_-erythro-Anethole glycol 1-glucoside,C16H24O8
315.2045967721,316.21187,,C16H29NO5
327.0663967376,328.07367,,
398.1351165693,399.14239,,C11H18N12O3S
694.2763875395,695.28366,,
338.185930009,339.19321,,C15H31O6P
493.3119054253,494.31918,,C21H43N5O8
255.0742012062,256.08148,"2-_hydroxy_4-hydroxy-3,5-dimethoxyphenyl_methylidene_amino_acetic acid",C11H13NO6
489.1855185508,490.1928,,C22H35NO7S2
246.0068104707,247.01409,,C7H10N4S3
213.0943646429,214.10164,,
687.1669258725,688.1742,,C17H26N19O8PS
220.9748978959,221.98217,,C5H7N3OS3
316.2766158004,317.28389,,C22H36O
227.9346895623,228.94197,,
307.0808150513,308.08809,,
624.0963419823,625.10362,,C33H20N8S3
251.0657701321,252.07305,,
625.0842889813,626.09157,,C29H11N11O7
494.3182002569,495.32548,,C19H50N4O6S2
382.175747131,383.18302,,C16H31O8P
347.0644411895,348.07172,,C11H10N9O3P
248.9225873588,249.92986,,C6H3NO4S3
511.4083789346,512.41566,,C26H57NO8
356.1237549523,357.13103,,C13H25O9P
540.9845337887,541.99181,,C12H16N9O6PS4
708.4425049404,709.44978,,C43H64O6S
286.011417299,287.01869,,C14H6O7
555.2610505169,556.26833,,
431.2730337484,432.28031,,C16H29N15
224.0632478938,225.07052,,
265.1015050707,266.10878,,
533.2707365086,534.27801,,C23H43N5O5S2
809.2143748273,810.22165,,C38H36N9O8PS
230.0102363015,231.01751,,
428.1545779722,429.16185,,C12H21N12O4P
472.2971114873,473.30439,,C24H44N2O5S
358.0103014225,359.01758,,C14H7N4O6P
292.2110983906,293.21837,,C12H28N4O4
310.0818762378,311.08915,,C11H19O8P
440.2270958269,441.23437,,C20H32N4O7
268.0713226384,269.0786,DHAP_6:0_,C9H17O7P
316.1463662551,317.15364,,C22H20O2
398.1388720106,399.14615,,C13H27N4O6PS
354.108099261,355.11538,,C13H23O9P
312.0975382871,313.10481,,C11H21O8P
257.9575419172,258.96482,,C9H7O3PS2
378.2307302106,379.23801,Doxapram,C24H30N2O2
482.1140919563,483.12137,,C16H26N4O9S2
288.9758777322,289.98315,,C7H15NOS5
415.3661310781,416.37341,,C24H49NO4
410.2070680253,411.21434,,C18H35O8P
308.0899960785,309.09727,"4R,5R,6S-Trihydroxy-2-hydroxymethyl-2-cyclohexen-1-one 6-_2-hydroxy-6-methylbenzoate_",C15H16O7
259.7058464663,260.71312,,
325.0494758924,326.05675,,C12H7N9OS
254.1379250845,255.1452,Homoanserine,C11H18N4O3
274.9602819761,275.96756,,
204.8962034267,205.90348,,
417.1482358944,418.15551,,C12H15N15O3
370.1059521707,371.11323,,C13H18N6O5S
213.9556022868,214.96288,,
781.1061422297,782.11342,,
340.1288250279,341.1361,,C13H25O8P
359.1427808692,360.15006,,C12H25NO11
203.0816321195,204.08891,,
229.2123516866,230.21963,,
389.2777116579,390.28499,,
394.1157975983,395.12307,,C12H28O10P2
379.1049581299,380.11223,S-Lactoylglutathione,C13H21N3O8S
556.2769642265,557.28424,,C24H49N2O6PS2
343.5336148888,344.54089,,
344.2021408518,345.20942,,C18H32O4S
310.0835220968,311.0908,,C10H18N2O7S
248.0382813898,249.04556,,C8H13N2O3PS
588.3657119566,589.37299,25-Hydroxyvitamin D2-25-glucuronide,C34H52O8
317.2202471039,318.22752,3-hydroxynonanoyl carnitine,C16H31NO5
512.987846093,513.99512,,C17H12N3O12PS
355.6157973903,356.62307,,
624.0799874356,625.08726,,C14H13N18O10P
766.4846521513,767.49193,,C32H86N4OS7
664.1143369779,665.12161,,C26H34O14P2S
384.2188536141,385.22613,,C18H40O2S3
561.1740363894,562.18131,,C13H27N11O14
366.0204309392,367.02771,,C11H16N2O6P2S
384.1550071491,385.16228,,C15H29O9P
580.3011984536,581.30847,,C27H49O11P
230.0104201643,231.0177,,C6H14O3S3
341.2202225423,342.2275,,C18H31NO5
782.1032543173,783.11053,,
486.158393482,487.16567,,C18H30O15
403.0301559141,404.03743,,C17H5N7O6
470.0623177426,471.06959,,C20H23O7PS2
278.0674353995,279.07471,,C8H22O4S3
821.5436192225,822.5509,,C36H76N11O6PS
555.2805934815,556.28787,,
425.3504768407,426.35775,Oleoylcarnitine,C25H47NO4
436.0498604488,437.05714,,C16H20O10S2
628.0808978062,629.08817,,C22H25N6O10PS2
345.2515059063,346.25878,3-hydroxyundecanoyl carnitine,C18H35NO5
664.1060643416,665.11334,,C28H41O4PS6
597.3754670206,598.38274,,C23H47N15O2S
541.0595447688,542.06682,,C21H19N9OS4
316.1440948471,317.15137,,C15H25O5P
478.0399819579,479.04726,,C16H7N12O5P
468.214819547,469.2221,,C12H36N8O7S2
475.299181078,476.30646,,C18H33N15O
311.9609997131,312.96828,,C8H8O9S2
264.1052858611,265.11256,,
480.1800051756,481.18728,,C21H32N6OS3
422.2814346181,423.28871,,C20H42N2O5S
358.1393861879,359.14666,,C13H27O9P
526.2542721547,527.26155,,C27H46N2S4
618.1815641066,619.18884,,C15H35N14O5PS3
252.1361593401,253.14344,"2,2,4,4-Tetramethyl-6-_1-oxobutyl_-1,3,5-cyclohexanetrione",C14H20O4
555.2790351782,556.28631,,C19H57NO6S5
437.2543192712,438.2616,,C20H40NO7P
203.4294251531,204.4367,,
477.8029481681,478.81022,,C10H7O6PS7
283.2875497027,284.29483,Octadecanamide,C18H37NO
270.0868945993,271.09417,,C9H19O7P
275.1593903306,276.16667,Arginyl-Threonine,C10H21N5O4
441.0331722808,442.04045,,
213.9902969943,214.99757,,C4H10N2O2S3
308.0860035685,309.09328,,C10H16N2O9
593.2267046855,594.23398,,C24H41N3O10P2
244.0180685818,245.02535,,
308.1439147017,309.15119,,
246.0505747388,247.05785,,
317.986859676,318.99414,,C11H10O7S2
680.4115442675,681.41882,,C18H52N18O10
467.3821675136,468.38944,,C24H53NO7
254.1128700952,255.12015,,C17H18S
265.9362339309,266.94351,,
555.2588798447,556.26616,,C15H45N11O3S4
296.1390252606,297.1463,,C12H25O6P
243.2280099415,244.23529,,
260.0296780985,261.03695,aldehydo-D-glucose 6-phosphate,C6H13O9P
218.0101891075,219.01747,,
310.1182567253,311.12553,,C12H23O7P
414.1656184617,415.17289,,C12H22N12O3S
301.2981078993,302.30538,Sphinganine,C18H39NO2
254.0555775157,255.06285,,C8H15O7P
322.1780188982,323.1853,Zeranol,C18H26O5
536.4804349895,537.48771,FAHFA_16:1_9Z_9-O-18:0_,C34H64O4
555.2765927484,556.28387,,C30H41N3O5S
264.1239926506,265.13127,,C10H21N2O4P
214.1205863993,215.12786,5-Hexyltetrahydro-2-oxo-3-furancarboxylic acid,C11H18O4
691.1932489055,692.20053,,C22H21N21O7
328.1288262061,329.1361,,C12H25O8P
272.0572279807,273.0645,,
347.0616590513,348.06894,,C12H9N7O6
821.6988065677,822.70608,,C38H104N5O4PS3
259.189594862,260.19687,Isoleucyl-Lysine,C12H25N3O3
383.3399300087,384.34721,,C23H45NO3
612.150096109,613.15737,,C14H41N6O10PS4
475.3062462752,476.31352,,C24H46NO6P
239.9695744684,240.97685,,C5H8N2O3S3
780.1021725895,781.10945,,C24H52N4O2S11
428.2099982208,429.21727,,C12H32N10O3S2
359.2307926297,360.23807,,C18H33NO6
553.3376916135,554.34497,,C29H43N7O4
394.0392450549,395.04652,,C14H18O9S2
376.0431198988,377.0504,,
212.0451454245,213.05242,,C6H13O6P
938.1278533042,939.13513,,C27H38N16O10S6
672.3334580845,673.34073,,C32H49N8O4PS
415.8471892743,416.85447,,
625.4066812416,626.41396,,C17H47N21O5
383.9883084127,384.99558,,C14H9O11P
364.0287101926,365.03599,,C13H16O8S2
467.1895900584,468.19687,,C23H34NO5PS
217.1314940618,218.13877,Propionylcarnitine,C10H19NO4
285.3032197573,286.3105,,C18H39NO
555.256271275,556.26355,,C41H33NO
284.1235158569,285.13079,,C18H20OS
382.139364127,383.14664,,C15H27O9P
460.1589112329,461.16619,,C21H32O7S2
298.086632715,299.09391,,C8H19N4O4PS
231.7208578486,232.72813,,
821.7029986753,822.71028,,C33H95N11O9S
384.3715876336,385.37886,,C23H48N2O2
220.9747367436,221.98201,,
354.023210852,355.03049,,C15H14O6S2
276.1312602145,277.13854,,
246.0052047967,247.01248,,C6H14O4S3
288.08450293,289.09178,Phlorin,C12H16O8
624.0949632967,625.10224,,C13H33N6O14PS3
244.0711842658,245.07846,Beta-pseudouridine,C9H12N2O6
595.2229255275,596.2302,,C37H25N9
242.1015276083,243.1088,Histidinyl-Serine,C9H14N4O4
325.1188834011,326.12616,,C14H20N3O4P
821.7089047738,822.71618,,C21H15N2O5PS13
543.8548690292,544.86215,,C11H8N6O6S7
525.4241033266,526.43138,,C27H59NO8
821.7099285988,822.71721,,C21H7N6O6PS11
424.366494068,425.37377,,C25H48N2O3
821.6961242417,822.7034,,C39H95N7O8S
522.343477649,523.35075,,C25H51N2O7P
218.1266965857,219.13397,Meprobamate,C9H18N2O4
368.3442854313,369.35156,,C27H44
627.0855889003,628.09287,,C23H34NO9PS4
296.3079126053,297.31519,Phytol,C20H40O
354.1444622407,355.15174,,C14H27O8P
244.1868750694,245.19415,,
227.2249735476,228.23225,,C14H29NO
461.174409888,462.18169,,C14H19N15O4
304.9964180547,306.00369,,C9H11N3O3S3
372.0230119044,373.03029,,C16H8N2O9
400.2405488831,401.24783,,C13H28N12O3
376.0286794537,377.03596,,C14H16O8S2
416.037997194,417.04527,,C19H12O11
357.3607476869,358.36802,,C22H47NO2
327.3136893021,328.32097,Stearoylethanolamide,C20H41NO2
475.1537276777,476.161,,C16H29NO15
692.4475624714,693.45484,,C35H60N6O8
467.5577712286,468.56505,,
257.1043475721,258.11162,,C7H19N3O5S
646.0673780166,647.07465,,C21H27N8O6PS4
485.2269513308,486.23423,,C24H39NO5S2
582.3168411909,583.32412,,C27H51O11P
290.0330718824,291.04035,,C9H14N4OS3
750.1124144583,751.11969,,C28H50N2OS10
274.0017894611,275.00907,,C8H10N4OS3
269.1122737439,270.11955,Asparaginyl-Histidine,C10H15N5O4
605.6079916057,606.61527,,
395.0276216738,396.0349,,C14H14N5O3PS2
595.9169512601,596.92423,,C10H20N4O11S7
602.3302927023,603.33757,,C23H58N2O9S3
649.3474973516,650.35477,,C19H57N9O9P2S
733.8142064025,734.82148,,C14H15N4O13PS8
656.1301952695,657.13747,,C17H29N12O10PS2
316.0834827374,317.09076,,C11H24O4S3
661.5462133441,662.55349,,C27H72N11O5P
449.808015389,450.81529,,C9H7O5PS7
601.0424684801,602.04974,,C13H35N3O9S7
821.7133665477,822.72064,,C20H7O18PS8
297.1940149414,298.20129,,C16H27NO4
501.0070865267,502.01436,,C25H12NO7PS
468.0640294617,469.07131,,C22H18N2O6P2
612.1536130462,613.16089,,C18H37N4O13PS2
382.07018907,383.07747,,C21H10N4O4
429.018755025,430.02603,,C11H20N5O3PS4
630.4435735986,631.45085,,C21H64N10O7P2
280.0712580347,281.07853,,C10H17O7P
395.0998518071,396.10713,,C13H21N3O9S
684.338806839,685.34608,,C21H40N20O7
695.0459286971,696.05321,,C26H22N3O16PS
583.2028286734,584.21011,,C21H34N11O3PS2
204.0747018724,205.08198,L-beta-aspartyl-L-alanine,C7H12N2O5
358.2178421029,359.22512,,C19H34O4S
290.1226835873,291.12996,Argininosuccinic acid,C10H18N4O6
523.3636778442,524.37095,PC_18:0_0:0_,C26H54NO7P
344.1154447718,345.12272,Dolichyl diphosphate,C12H26O7P2
662.5493530463,663.55663,,C42H70N4O2
257.9722002828,258.97948,,
507.3518896571,508.35917,,C24H49N3O8
607.0648949011,608.07217,,C28H14N7O8P
278.0402991512,279.04758,,C17H10O2S
256.0096564471,257.01693,,C16H4N2S
236.8772585638,237.88454,,
695.3250756674,696.33235,,C32H46N11O3PS
208.0260229865,209.0333,,
420.0548659948,421.06214,,C16H20O9S2
414.2254239851,415.2327,"_4R,5S,7R,11x_-11,12-Dihydroxy-1_10_-spirovetiven-2-one 12-glucoside",C21H34O8
419.1436346379,420.15091,,C18H29NO6S2
470.1918141267,471.19909,,C23H38N2S4
410.1528292852,411.16011,,C17H31O7PS
563.3516989605,564.35898,,C19H58N5O7PS2
404.0236071902,405.03088,,C15H16O9S2
229.0714548763,230.07873,,
234.1983889155,235.20567,"2,6-Di-tert-butyl-4-ethylphenol",C16H26O
534.1230605634,535.13034,,C20H18N14OS2
641.3625435799,642.36982,,C30H59NO9S2
342.1987035924,343.20598,,C10H22N12O2
334.9341667761,335.94144,,C8H5N3O6S3
805.6006722071,806.60795,,C39H91N5O3S4
605.3967803689,606.40406,,
684.5096290614,685.51691,,C32H81N2O4PS3
580.4573438377,581.46462,,C30H65N2O6P
765.3347073368,766.34198,,C35H60NO11PS2
546.3168103474,547.32409,,C24H51O11P
409.9440367374,410.95131,,C11H8O13P2
886.546123419,887.5534,,C28H76N18O10P2
555.2781033758,556.28538,,C18H53NO11S3
595.0385234178,596.0458,,C15H33NO11S6
453.1740292305,454.18131,,C12H31N5O11S
821.7168890683,822.72417,,C41H87N15O2
748.3388649204,749.34614,,C34H68O5S6
331.1994809032,332.20676,,C16H29NO6
541.062457746,542.06973,,C17H11N13O7S
458.2645780064,459.27185,,C20H43O9P
483.1093383133,484.11661,,C15H25N5O9S2
280.0471022105,281.05438,,
405.0283634239,406.03564,,C14H16NO9PS
344.070797755,345.07807,Thiamine monophosphate,C12H17N4O4PS
204.896374784,205.90365,,
772.8104680986,773.81774,,C24H23NO2S13
449.0356354461,450.04291,,C18H7N7O8
575.3644031677,576.37168,,
357.2514892879,358.25877,,C19H35NO5
532.3722975359,533.37957,,C27H52N2O8
271.2593232023,272.2666,,
442.2608259415,443.2681,,C21H46O3S3
269.9406305308,270.94791,,C8H2N2O5S2
268.1001735993,269.10745,,C19H12N2
276.1329798058,277.14026,,C12H24N2OS2
569.4503444758,570.45762,,C29H63NO9
431.1638421315,432.17112,,C13H17N15O3
583.3654015109,584.37268,,C23H61N5O3S4
275.1116739267,276.11895,Norophthalmic acid,C10H17N3O6
557.2699666003,558.27724,,C19H36N13O5P
568.1470521279,569.15433,,C16H36N6O8S4
749.5894306271,750.59671,,C39H75N9O5
821.6618173758,822.66909,,C39H87N11O5S
424.1746097486,425.18189,,C22H24N4O5
862.353322185,863.3606,,C33H59N12O7PS3
731.3332820432,732.34056,,C51H45N3S
310.2507582424,311.25803,_R_-2-Hydroxysterculic acid,C19H34O3
475.1915062084,476.19878,,C18H29N5O10
232.1059186314,233.1132,N2-Succinyl-L-ornithine,C9H16N2O5
412.2606570071,413.26793,,C18H40N2O6S
268.2038057978,269.21108,,C16H28O3
632.5826126214,633.58989,,C36H80N4S2
821.7220155293,822.72929,,C26H6N4O6S11
229.1677354243,230.17501,N-Decanoylglycine,C12H23NO3
699.9938503386,701.00113,,C15H9N16O14PS
296.1026126414,297.10989,,
562.1329161732,563.14019,,C18H32N2O14P2
833.438915592,834.44619,,C23H66N17O10P3
468.0667001888,469.07398,,C14H17N10O3PS2
637.5926751469,638.59995,,C25H76N13O3P
405.151209911,406.15849,,C12H28N3O10P
304.2249798203,305.23226,,C16H32O5
370.0939976006,371.10127,,C14H26O5S3
886.9202025702,887.92748,,C26H10N5O29P
524.2332455508,525.24052,,C23H45N2O3PS3
257.1991480958,258.20642,N-Lauroylglycine,C14H27NO3
641.0940874792,642.10136,,C18H15N19O5S2
358.2299675676,359.23724,,C11H34N8OS2
304.8908061374,305.89808,,
587.1003522627,588.10763,,C15H45N3O2S9
271.1532705554,272.16055,,C12H21N3O4
367.2358744063,368.24315,,C20H33NO5
683.2255234453,684.2328,,C37H25N13O2
366.1444658184,367.15174,,C15H27O8P
538.4955469262,539.50282,FAHFA_16:0_9-O-18:0_,C34H66O4
564.1465196973,565.1538,,
631.7381823971,632.74546,,C15H5O10PS8
557.8692265817,558.8765,,C13H11N4O7PS6
681.5833252358,682.5906,,C32H83N5O5S2
646.9210035432,647.92828,,C12H4N13O14P3
658.404801819,659.41208,,C26H58N8O9S
658.0781504204,659.08543,,C31H18N10O2S3
628.0264028394,629.03368,,C28H21O11PS2
642.1411538621,643.14843,,C15H32N8O16P2
650.3637947791,651.37107,,C31H50N6O9
680.8235038765,681.83078,,C19H8NO15PS5
356.187587036,357.19486,,C16H36O2S3
654.0141805391,655.02146,,C26H12N10O6P2S
821.5565994898,822.56388,,C28H68N23O4P
631.2280119274,632.23529,,C32H33N5O9
594.5409964629,595.54827,,C30H70N6O5
821.6766041439,822.68388,,C51H83N9
543.8722147854,544.87949,,C13H5N8O5PS5
682.4151990523,683.42248,,C29H71N4O3PS4
391.0362563423,392.04353,,C17H13NO8S
654.4575236276,655.4648,,C28H74N6S5
641.8292699111,642.83655,,C15H11N6O5PS8
645.0100681382,646.01734,,C19H28N5O6PS6
627.2120510016,628.21933,,C23H37N3O17
619.280675049,620.28795,,C26H46N5O8PS
692.2108289372,693.21811,,C42H28N8OS
330.186477756,331.19375,,C17H30O4S
725.4776623349,726.48494,,C28H80N5O5PS4
610.1781222177,611.1854,,C27H22N12O6
781.1177546666,782.12503,,C32H33NO18P2
632.1398255378,633.1471,,C30H34O9P2S
801.4127114827,802.41999,,C36H71N3O8S4
629.7932434963,630.80052,,C21H11O3PS9
621.1302372842,622.13751,,C16H31N9O11S3
398.1353860587,399.14266,,C16H23N4O6P
643.2774211328,644.2847,,C18H50N3O19P
664.9046801879,665.91196,,C22H23N3OS10
642.3457000472,643.35298,,C19H46N16O7S
713.7668795656,714.77416,,C36H95N11O2
586.6005248913,587.6078,,
734.8559144587,735.86319,,C24H21N3O2S11
651.0823249893,652.0896,,C15H15N19O8P2
689.8058307742,690.81311,,C17H6O20S5
651.1159576825,652.12323,,C32H22N5O9P
637.086740662,638.09402,,C27H23N7O6S3
408.0549330814,409.06221,,C15H20O9S2
330.1987307882,331.20601,,
685.0061405122,686.01342,,C27H19N5O9S4
770.3255565334,771.33283,,C26H59N8O10PS3
612.2935879907,613.30086,,C27H52N2O7S3
664.1104024933,665.11768,,
679.5192645271,680.52654,,C34H82NO3PS3
672.8270470382,673.83432,,C17H7NO18S5
644.2766611287,645.28394,,C20H45N12O6PS2
636.363307227,637.37058,,C19H52N14O6S2
650.9509866142,651.95826,,C22H7N9O10P2S
886.4192893705,887.42657,,C56H58N2O8
543.873426581,544.8807,,C19H12O5S7
633.5440140263,634.55129,,C38H71N3O4
631.2809896616,632.28827,,C23H29N21O2
660.6742146377,661.68149,,C40H88N2O4
593.3975777669,594.40485,,C24H63N7OS4
610.7305222073,611.7378,,
592.084197556,593.09147,,C34H16N4O5S
627.2978949539,628.30517,,
653.6708071729,654.67808,,C28H79N17
662.6980408384,663.70532,,
414.2198458494,415.22712,,C21H38N2S3
781.1026822156,782.10996,,C43H15N11O4S
635.4521839005,636.45946,PE_12:0_16:0_,C33H66NO8P
633.635914959,634.64319,,C33H79N9O2
385.0814382277,386.08871,,C13H19N7OS3
622.9433497757,623.95063,,C20H9N13S6
674.9643761329,675.97165,,C28H21NO7S6
672.3087306798,673.31601,,C29H68S8
636.2888481173,637.29612,,C25H45N6O11P
787.6467625804,788.65404,,
709.5490936641,710.55637,,
655.8503943706,656.85767,,C20H12N6O2S9
672.1608070649,673.16808,,C45H25N2O3P
660.7379358687,661.74521,,C16H7NO8S10
652.8617659808,653.86904,,C15H16N3O10PS7
603.7513564703,604.75863,,C14H4O11S8
617.4772156701,618.48449,,C37H67N3S2
638.2227048067,639.22998,,C23H40N6O11P2
638.3053891719,639.31267,,C26H51N6O6PS2
624.0982247734,625.1055,,C17H29N4O17PS
574.0749871029,575.08226,,C17H23N10O5PS3
596.8579259802,597.8652,,C17H12NO9PS6
674.6797426929,675.68702,,C43H94S2
677.6469603962,678.65424,,C31H83N9O6
649.9798874531,650.98716,,C20H7N14O7PS2
721.481952427,722.48923,,C39H71N5OS3
593.6922401229,594.69952,,
691.1418037176,692.14908,,C32H31N5O7P2S
604.1689451324,605.17622,,C16H32N10O11S2
653.0866970814,654.09397,,C25H31N7O2S6
614.4817007036,615.48898,,C26H66N10O2S2
708.4586059942,709.46588,,C30H81N2O3PS5
668.9535451349,669.96082,,C11H32N3O11PS8
637.6457222545,638.653,,C36H79N9
668.3434027738,669.35068,,C21H56N12O4S4
682.1110040322,683.11828,,C31H26N2O14S
632.398665054,633.40594,,C24H65N4O8PS2
647.040266482,648.04754,,C37H14NO9P
624.0189378585,625.02621,,C19H9N14O8PS
591.1599466908,592.16722,,C21H41N3O6S5
617.0906034405,618.09788,,C23H20N7O12P
598.4332368054,599.44051,,C22H63N8O6PS
400.1499932752,401.15727,,C15H29O10P
588.0778352569,589.08511,,C29H32OS6
633.0203436869,634.02762,,C26H7N11O8S
667.2143674863,668.22164,,C27H26N17O3P
661.5820636894,662.58934,,C26H79N9O7S
652.7197414962,653.72702,,
731.8795810177,732.88686,,C24H16N2O11S7
639.1709454951,640.17822,Malvidin 3-O-_coumaroylglucoside_,C32H31O14
631.5135012667,632.52078,,C26H73N5O9S
649.0234402774,650.03072,,C37H11N7S3
623.5373653657,624.54464,,C32H81NO3S3
655.7169083814,656.72418,,
571.8361180516,572.84339,,
684.3248604081,685.33214,,C23H65N4O6PS5
683.9070276292,684.9143,,C20H17N2O13PS5
607.5226248691,608.5299,,C35H69N5OS
665.0930815992,666.10036,,C21H16N17O6PS
637.5596019801,638.56688,,C36H80NO3PS
630.8183399038,631.82562,,C17H5N5O8S7
658.0295278927,659.0368,,
655.6353169364,656.64259,,
748.4513785633,749.45866,,C26H72N10O6S4
713.9373266997,714.9446,,C22H7N10O13PS2
602.0065517134,603.01383,,C14H35O9PS7
609.180998503,610.18827,,C29H40NO5PS3
659.9386773557,660.94595,,C17H20N6O8S7
652.1477510901,653.15503,,C23H28N10O9S2
689.8335660611,690.84084,,C24H11N4O3PS8
696.899187176,697.90646,,C16H20N5O10PS7
652.7519715507,653.75925,,C12H4N3O13PS7
320.0024883173,321.00976,,C11H12O7S2
630.9143517966,631.92163,,C14H14N7O10PS5
657.8103376826,658.81761,,C17H10N2O10S8
664.9988716925,666.00615,,C20H7N15O9S2
592.4582078685,593.46548,,C34H56N8O
751.4985961773,752.50587,,C35H66N11O5P
615.6185543444,616.62583,,C24H73N17O
724.5500044843,725.55728,,C35H76N6O7S
707.7239966354,708.73127,,C20H4O11S9
602.7959377039,603.80321,,
580.308037941,581.31531,,C32H52O3S3
687.0684813015,688.07576,,C18H25N9O14S3
666.4626778588,667.46995,,C26H62N14O2S2
658.1599296286,659.16721,,C38H22N6O6
673.066682375,674.07396,,C25H7N17O8
656.7478402792,657.75512,,C15H7N5O3S11
694.3199408531,695.32722,,C30H47N8O9P
598.7276575279,599.73493,,
677.2586950122,678.26597,,C29H59NO2S7
704.5598293617,705.56711,,C28H72N12O8
682.2713640938,683.27864,,C32H58O3S6
596.4927884011,597.50006,,C31H64N8OS
621.2804600154,622.28774,,C21H54NO13P3
366.2083174866,367.21559,,
598.3527793932,599.36006,,C18H51N10O10P
622.6694654106,623.67674,,C36H86N4O3
655.457133981,656.46441,,C24H61N15O2S2
596.0927324392,597.10001,,C28H24N2O9S2
696.5640594939,697.57134,,C42H81O3PS
705.2574630187,706.26474,,C17H45N11O15P2
671.0161866916,672.02346,,
682.8734827089,683.88076,,C14H5N9O16S4
641.0855550181,642.09283,,C38H15N3O8
600.323035478,601.33031,PI_18:0_0:0_,C27H53O12P
424.1684343972,425.17571,,C18H33O7PS
632.0365472602,633.04382,,C27H12N12O2S3
670.4770610103,671.48434,,C21H62N14O10
702.2653217521,703.2726,,C30H43N10O4PS2
641.9426627746,642.94994,,C27H6N4O12S2
624.0080796868,625.01536,,C21H13N12O4PS3
586.3724362294,587.37971,,C32H58O5S2
760.2536774586,761.26095,,C35H53O10PS3
332.0032186304,333.0105,,C5H12N6O5S3
645.250805131,646.25808,,C16H48N5O17PS
630.9592640526,631.96654,,C16H12N9O11P3S
656.8121979984,657.81947,,C11H16NO13PS8
637.3413260189,638.3486,,
641.0821510709,642.08943,,C26H23N7O7S3
684.4166669352,685.42394,,C26H61N12O3PS2
778.131659477,779.13894,,C35H30N12S5
428.1812998436,429.18858,,C17H33O10P
635.7819989462,636.78928,,C15H5N6O5PS8
680.5266149283,681.53389,,C24H69N14O6P
679.8737750321,680.88105,,C24H13N2O8PS6
646.8624148998,647.86969,,C15H14N5O8PS7
213.9554270326,214.9627,,
773.9307842442,774.93806,,C21H27O17PS6
655.2364076976,656.24368,,C26H46N3O10PS2
594.3214780149,595.32875,,C26H51N4O7PS
648.6800338008,649.68731,,
662.7667596875,663.77404,,C13H14NO8PS10
579.7881393595,580.79542,,C15H5N2O7PS7
666.8919759696,667.89925,,C23H17N5OS9
543.8620516611,544.86933,,C20H4N2O7S5
731.01215614,732.01943,,C13H25N13O11S6
755.2094343905,756.21671,,C33H26N17O4P
680.3186546577,681.32593,,C25H57N6O7PS3
631.9422792766,632.94956,,C13H20N12S9
648.7761437798,649.78342,,C14H8N3O9PS8
667.9693678914,668.97664,,C15H9N16O8PS3
644.8501319467,645.85741,,
656.7121281819,657.7194,,C30H92N10O2S
623.6206882044,624.62796,,
651.8152159056,652.82249,,C15H8N8O4S9
702.8536674644,703.86094,,C23H13NO11S7
616.826398717,617.83368,,C12H16N3O6PS9
720.8221584831,721.82943,,C22H15N3O5S10
581.3690274327,582.3763,,C31H47N7O4
259.1069458919,260.11422,,C12H13N5O2
656.8364320533,657.84371,,C10H4N13O8PS6
676.112356094,677.11963,,C18H44N8OS9
602.7039225132,603.7112,,
762.3785181845,763.38579,,C28H74O12S5
598.0439452779,599.05122,,C22H26N6O2S6
691.308570914,692.31585,,
701.7162450867,702.72352,,C31H95N11OS2
667.9727424584,668.98002,,C25H12N6O11S3
706.4633056688,707.47058,,C37H66N6O3S2
790.6953383306,791.70261,,C45H98N4S3
698.172676385,699.17995,,C19H34N6O22
573.7828234124,574.7901,,
673.7651244052,674.7724,,C22H11O3PS10
618.6685258895,619.6758,,C28H82N12O2
610.8117000669,611.81898,,C16H10N3O5PS8
652.4936970441,653.50097,,C29H73N4O7PS
730.7590780355,731.76635,,C16H9N7O5S11
645.3672663127,646.37454,,C17H47N19O6S
725.0432046039,726.05048,,C28H7N17O7S
729.0911283826,730.0984,,C21H43N7O3S9
634.6601829009,635.66746,,C39H82N6
444.26584827,445.27312,,C22H40N2O5S
685.1272840053,686.13456,,C25H38NO13P3S
504.1487713657,505.15605,,C22H32O9S2
592.3341781008,593.34145,,C19H50N10O7P2
591.147699592,592.15498,,C23H26N7O10P
794.9551626244,795.96244,,C21H10N13O16PS2
693.424680446,694.43196,,C27H67N9O3S4
681.5117346466,682.51901,,C23H67N15O6S
614.1069268287,615.1142,,C19H50OS10
775.5093628608,776.51664,,
796.6386463984,797.64592,,C35H96N4O8S3
619.7008737043,620.70815,,C28H85N13O
569.932839387,570.94012,,C24H14N2O3S6
686.7509013765,687.75818,,C14H5N7O6S10
727.7061149575,728.71339,,
631.2187633249,632.22604,,C16H34N13O12P
626.9372915076,627.94457,,C32H7NO8P2S
619.6597721042,620.66705,,C30H85N9OS
571.3560696058,572.36335,,C24H49N11OS2
687.7776908227,688.78497,,C16H8N4O9S9
576.8615259451,577.8688,,C17H4N7O5PS5
599.0355778806,600.04285,,C13H34N3O9PS6
673.6282744019,674.63555,,C31H75N15O
695.1345356226,696.14181,,C25H22N13O10P
653.4776714671,654.48495,,C25H63N15OS2
750.1401787475,751.14746,,C23H46O17P4S
575.8375688566,576.84485,,C17H8N2O7S7
628.8746962756,629.88197,,C11H7N11O9S6
692.7008992012,693.70818,,C34H92N8O3S
610.6073244412,611.6146,,C26H79N10O3P
642.059029273,643.06631,,
867.4536290805,868.46091,,C29H66N13O15P
575.0917629083,576.09904,,C13H26N11O7PS3
653.7033851192,654.71066,,
681.4655726466,682.47285,,C23H65N13O6P2
567.2499717712,568.25725,,C23H46N5O3PS3
585.4754731401,586.48275,,C29H67N3O6S
493.1440619978,494.15134,Glyburide,C23H28ClN3O5S
585.5887738295,586.59605,,C37H79NOS
591.2999257062,592.3072,,C21H50N7O6PS2
642.145892793,643.15317,,C17H41O19P3
749.2957022871,750.30298,,C21H57N3O21P2
666.7861898602,667.79347,,C13H6N3O15PS6
630.878312185,631.88559,,C24H5N7O3S6
711.582106978,712.58938,,C36H82N5O4PS
705.898416721,706.90569,,C27H18N2O5S8
758.2152520489,759.22253,,C32H46N4O9S4
590.7428437453,591.75012,,
688.4345324993,689.44181,,C35H66N2O7P2
683.8505574635,684.85783,,C14H24N2O7S11
627.4551447858,628.46242,,
574.9570150135,575.96429,,C16H14N7O7PS4
618.570991699,619.57827,,C32H74N8OS
716.4241385025,717.43141,,C34H65N6O4PS2
683.2396386051,684.24692,,C40H29N9O3
494.3236642898,495.33094,,C20H50N2O9S
628.3962330392,629.40351,,C31H57N4O7P
699.2088109453,700.21609,,
726.7982831682,727.80556,,C37H106N8S2
810.9816542697,811.98893,,C17H22N11O17PS4
647.0465340316,648.05381,,C16H42NO7PS8
716.8531016806,717.86038,,C14H8N9O14PS5
628.8270103582,629.83429,,C21H12NO4PS8
684.4241295171,685.43141,,C41H64O4S2
664.6645792308,665.67186,,C31H80N14O
616.8567097184,617.86399,,C17H7N5O9S6
704.3149115938,705.32219,,C24H46N14O7P2
747.8218139713,748.82909,,C24H8N6O7S8
618.4396224576,619.4469,,C23H68N6O6P2S
606.7617560627,607.76903,,
810.3216142712,811.32889,,C31H59N2O18PS
579.3954142334,580.40269,,C20H50N15O3P
501.2218933146,502.22917,,C24H39NO6S2
740.0187887137,741.02607,,C23H28N6O10S6
801.1608388227,802.16812,,C31H27N15O8S2
646.8249205382,647.8322,,C17H9N7O3S9
706.4089045292,707.41618,,C20H54N18O8S
796.0463497577,797.05363,,C20H44N8O3S11
738.4970156082,739.50429,,C24H74N12O7S3
708.0390937599,709.04637,,
582.862946728,583.87022,,C13H14NO11PS6
740.1584770019,741.16575,,C21H39N6O17P3
745.7355371005,746.74281,,C39H99N7OS2
749.8085674651,750.81584,,C17H14N6O8S10
600.811644059,601.81892,,C14H11N5O2S10
723.835999736,724.84328,,C14H17N2O16PS7
593.1547541957,594.16203,,C15H33N9O10P2S
725.5394339036,726.54671,,C34H71N13S2
781.5422919229,782.54957,,C37H85NO9P2S
705.5310952427,706.53837,PC_12:0_18:0_,C38H76NO8P
693.1372169471,694.14449,,C17H34N11O11P3S
446.143475981,447.15075,,C13H38N2O4S5
674.4448852804,675.45216,,C38H66N4S3
681.2855485735,682.29283,,C17H44N15O10PS
607.4204657732,608.42774,PE-NMe2_10:0_14:0_,C31H62NO8P
586.844824305,587.8521,,C10H6N9O7PS6
639.699924391,640.7072,,C41H89N3O
583.1982144304,584.20549,,
607.0079002473,608.01518,,C14H9N17O6S3
614.0139755959,615.02125,,C35H10N4O4S2
440.3137543296,441.32103,,C25H44O6
531.2323573362,532.23963,,C17H37N7O10S
396.128364784,397.13564,,C11H17N12O3P
588.9634471043,589.97072,,
728.8101236296,729.8174,,C14H16N7O6PS10
585.9895093069,586.99679,,C15H15N4O17PS
421.0735429106,422.08082,,C14H23N5O2S4
742.5049655132,743.51224,,C22H68N18O6P2
585.7074354267,586.71471,,
593.8458810449,594.85316,,C29H6OS7
616.5748870706,617.58216,,C30H77N6O4P
584.6053272685,585.6126,,
671.8971238378,672.9044,,C14H21N6O7PS8
646.6931931846,647.70047,,
212.0904898815,213.09777,,C8H20O2S2
711.689248745,712.69653,,C48H89NO2
507.3098672148,508.31714,,C23H49N5OS3
568.6875604853,569.69484,,
642.2254606809,643.23274,,C23H50O12P4
701.5849657288,702.59224,,C30H75N11O7
551.8458350604,552.85311,,C18H16S10
569.3613192109,570.3686,,C36H47N3O3
575.7875854065,576.79486,,C13H8N2O6S9
576.9696912133,577.97697,,C17H23NO9S6
885.8387212599,886.846,,C45H11O5PS7
698.9174000337,699.92468,,C25H6N11O5PS4
660.3169980893,661.32427,,C30H56N6S5
282.9627664657,283.97004,,C8H2N3O7P
699.567746921,700.57502,,C42H69N9
531.4247980112,532.43207,,C28H57N3O6
358.0454248874,359.0527,,C14H15O9P
602.8763244469,603.8836,,C11H18N5O6PS8
757.3461336609,758.35341,,C28H63N5O10S4
579.1846430816,580.19192,,C24H34N7O4PS2
577.7853915286,578.79267,,C21H6O2S9
612.9401322053,613.94741,,C15H16N7O8PS5
577.1417457391,578.14902,,C24H31N7O2S4
591.1395133506,592.14679,,C13H26N11O14P
277.9668207794,278.9741,,C7H6N2O6S2
641.3293002505,642.33658,,C20H52N9O10PS
778.6829622898,779.69024,,C36H90N8O9
642.1278318682,643.13511,,C16H38N2O18S3
598.3962624755,599.40354,,C29H63N2O4PS2
611.053550452,612.06083,,C25H21N7O4S4
658.4060654042,659.41334,,C27H54N12O5S
577.9553429348,578.96262,,C15H19N2O12PS4
738.6576160217,739.66489,,C32H90N12S3
826.3465188544,827.3538,,C36H58O21
771.435713636,772.44299,,C25H69N15O2S5
736.2181470998,737.22542,,C24H37N10O15P
582.9716440462,583.97892,,C12H25N9S9
603.3767263362,604.384,,C21H54N11O5PS
587.3672627056,588.37454,,
740.6214569526,741.62873,,
617.7923804459,618.79966,,C11H11N2O10PS8
698.8037684354,699.81104,,C36H98N12
644.4125401434,645.41982,,C39H56N4O2S
706.6844660537,707.69174,,C39H98N2OS3
792.4270155606,793.43429,,C31H68N8O9S3
721.7017779004,722.70905,,C14H11O10PS11
682.9937262095,684.001,,C35H7N7O6P2
729.0448957334,730.05217,,C36H11N9O8S
694.9151643645,695.92244,,C23H25N3O2S10
824.3117934214,825.31907,,C46H40N12O2S
723.3478399979,724.35512,,C37H57NO9S2
741.7711173928,742.77839,,C14H7N12O3PS10
700.6856766161,701.69295,,C44H93O3P
700.0704007593,701.07768,,C17H12N22O7S2
537.5546339921,538.56191,,
710.3839212192,711.3912,,C35H59N4O7PS
604.5909424991,605.59822,,C32H76N8S
551.958063961,552.96534,,C17H28O2S9
717.8842945365,718.89157,,C14H19N6O12PS7
454.101483837,455.10876,,C15H26N4O6S3
613.8464570768,614.85373,,C19H18O3S10
774.8518118264,775.85909,,C34H17NOS10
708.6765189294,709.6838,,C35H93N6O3PS
620.595667078,621.60294,,
834.2303921861,835.23767,,C32H46N14OS6
609.609139327,610.61642,,
593.6441863661,594.65146,,
500.1490867388,501.15636,,C20H37O6PS3
307.0791803978,308.08646,,C10H5N13
741.9832432291,742.99052,,
575.4355665218,576.44284,,C28H66NO6PS
595.5169078092,596.52418,,C30H70N5O4P
407.8032546461,408.81053,,
684.6669494378,685.67423,,C33H92N6O3S2
446.165087472,447.17236,,C12H23N12O5P
716.3597181896,717.36699,,C22H48N22S3
751.8195821222,752.82686,,C40H101N11O
432.1495010017,433.15678,,C11H21N12O5P
732.2073917068,733.21467,,C33H44N6O3S5
587.4780040382,588.48528,,C34H61N5O3
742.963387954,743.97066,,C16H34N5O8PS9
753.1450481618,754.15232,,C25H24N17O8PS
574.7426458858,575.74992,,
738.3344896704,739.34177,,C30H43N16O5P
739.6695800191,740.67686,,C30H85N13O7
692.5691998893,693.57648,,C35H77N6O5P
585.7607958267,586.76807,,C16H10O2S11
586.6479625436,587.65524,,C36H82N4O
619.4718879335,620.47916,,
754.5710986133,755.57838,,C35H86N4O6S3
734.5424256928,735.5497,,C23H66N20O7
778.2229736438,779.23025,,C33H35N10O11P
250.9657976092,251.97307,,
596.0778033828,597.08508,,C19H13N14O8P
621.3422701114,622.34955,,C36H43N7O3
709.7972235087,710.8045,,C18H14O12S9
606.43603521,607.44331,,
733.5617488361,734.56903,PC_12:0_20:0_,C40H80NO8P
749.9620224379,750.9693,,
727.077613843,728.08489,,C26H30N7O8PS4
783.349381694,784.35666,,C40H54N3O11P
581.2927610839,582.30004,,C25H51N5O2S4
728.7657391023,729.77302,,C21H7N5O5S10
777.2614661104,778.26874,,C36H49N3O10P2S
881.0933212724,882.1006,,
589.4548768396,590.46215,,C26H64N5O7P
290.0768695666,291.08415,,C8H19O9P
589.6062306287,590.61351,,
768.9159232425,769.9232,,C18H35N5O2S13
543.8535058928,544.86078,,C17H4O13S4
698.6266496212,699.63393,,C29H78N16OS
698.895284846,699.90256,,C35H10NO4PS5
559.4913327392,560.49861,,C25H66N7O4P
595.0487420324,596.05602,,C34H9N7O3S
562.9656072548,563.97288,,C23H17NO6S5
620.7952923989,621.80257,,C19H11NO3S10
568.9980747104,570.00535,,C21H12N7O7PS2
843.9011279638,844.9084,,C28H24N6O5S10
603.8171593439,604.82444,,C16H13O7PS8
798.07804953,799.08533,,C31H22N14O5S4
767.4027791002,768.41006,,C36H49N17OS
578.2116690545,579.21895,,C20H34N8O10S
243.9661549045,244.97343,,C5H4N6S3
592.0712264877,593.0785,,C21H21N8O7PS2
249.9641547873,250.97143,,
560.7564712571,561.76375,,
779.4132210773,780.4205,,C31H77N3O6S6
569.4795130944,570.48679,,C23H68N7O4PS
756.4432109362,757.45049,,C48H60N4O2S
575.0150614136,576.02234,,C14H22N7O8PS4
589.1346086863,590.14189,,C16H35N11OS6
677.027503583,678.03478,,C13H39N7O4S10
594.3796687888,595.38695,,C24H59N4O8PS
726.4752471159,727.48252,,C33H70N6O7S2
564.7690401126,565.77632,,C11H3NO12S7
326.2457281046,327.253,1-Acetoxy-2-hydroxy-16-heptadecen-4-one,C19H34O4
605.4438270692,606.4511,,
565.8248681168,566.83214,,C18H14OS10
781.2366008244,782.24388,,C25H47N15O2S6
766.1512719516,767.15855,,C24H23N20O7PS
571.7904206672,572.7977,,C13H4N2O10S7
432.0549313204,433.06221,,C17H20O9S2
617.6174471497,618.62472,,
701.0077225353,702.015,,C35H11NO16
607.0487486716,608.05603,,C28H17N9S4
800.6971715633,801.70445,,C20H8N3O8PS11
448.0497940579,449.05707,,C15H8N14S2
619.3931047964,620.40038,,C26H54N9O6P
575.5163153278,576.52359,,C31H77NOS3
567.4689550331,568.47623,,C27H65N7OS2
613.3828510761,614.39013,,C25H55N7O8S
582.2088126999,583.21609,,C15H34N8O16
406.0392111828,407.04649,,C15H18O9S2
736.6904379043,737.69771,DG_14:0_30:0_0:0_,C47H92O5
736.9358932283,737.94317,,C21H9N9O16P2S
720.0804250203,721.0877,,C28H28N6O9S4
586.3366959906,587.34397,,C24H62N2O3S5
771.1810776648,772.18835,,C26H61NO4S10
552.4577149742,553.46499,,C27H72N2S4
824.9758474376,825.98312,,C24H19N13O9S6
621.5179568867,622.52523,,C34H71NO8
582.5394649619,583.54674,,C23H71N10O4P
793.1349949444,794.14227,,C32H15N19O8
527.3809774832,528.38825,,C23H54N5O6P
584.2642501114,585.27153,Bilirubin,C33H36N4O6
585.6402656844,586.64754,,C34H79N7
557.1458059628,558.15308,,C28H24N5O6P
582.055021639,583.0623,,C24H11N10O7P
747.0956175766,748.10289,,C21H14N23O6PS
807.5971034909,808.60438,,C40H86N7O3PS2
808.2120704352,809.21935,,C29H39N12O10P3
744.4683852702,745.47566,,C49H64N2O2S
763.3896047411,764.39688,,C31H57N9O11S
585.4807713878,586.48805,,C25H72N5O3PS2
785.53537,786.54265,,C38H80N3O9PS
750.9489600324,751.95624,,C33H11N3O13P2S
569.5355125343,570.54279,,C31H75N3OS2
402.1655869057,403.17286,,C15H31O10P
773.0827555615,774.09003,,C37H15N11O8S
760.8306313591,761.83791,,
764.3663789073,765.37366,,C22H68N8O10S5
550.5913677734,551.59864,,C27H78N6O2S
793.3117732829,794.31905,,C18H47N15O20
775.4853313557,776.49261,,C31H71N9O9P2
859.5968504122,860.60413,,C39H97N5O2S6
492.777030607,493.78431,,C9H4NO7PS7
556.0722241994,557.0795,,C24H20N4O8S2
830.8939650879,831.90124,,C17H26N3O19PS7
331.5536439893,332.56092,,
727.3074793967,728.31476,,C24H60NO17P3
557.2574841898,558.26476,,C19H40N7O10P
571.4296967262,572.43697,,C23H58N9O5P
576.1623111723,577.16959,"8-_3,7-dihydroxy-2-_4-hydroxy-3-methoxyphenyl_-3,4-dihydro-2H-1-benzopyran-4-yl_-2-_3,4-dihydroxyphenyl_-3,4-dihydro-2H-1-benzopyran-3,5,7-triol",C31H28O11
578.6298564598,579.63713,,C31H78N8O
898.3879569877,899.39523,,C26H66N12O16S3
569.4659970425,570.47327,,
567.5928540971,568.60013,,C33H73N7
594.6745006523,595.68178,,
582.2617466499,583.26902,,C23H39N10O4PS
570.9349259838,571.9422,,C18H5NO21
575.6757420392,576.68302,,
582.1854431695,583.19272,,C22H30N8O9S
772.1421478931,773.14942,,C37H33N4O9PS2
650.694162344,651.70144,,C44H90O2
570.1255366255,571.13281,,C20H30N10S5
587.5825554602,588.58983,,C32H73N7O2
785.5730792621,786.58036,,C32H76N13O7P
561.5397087446,562.54699,,
793.1426907306,794.14997,,C42H31N7O2S4
757.2539963578,758.26127,,C27H48N7O12PS2
565.2392839073,566.24656,,C19H47N7O2S5
236.877397932,237.88467,,
877.5293980359,878.53667,,C59H67N5O2
793.3416006914,794.34888,,C21H60N15O7PS4
749.2915775793,750.29885,,C25H40N19O5PS
586.1606144194,587.16789,,C22H31N6O9PS
582.750927481,583.7582,,
819.4920736266,820.49935,,C34H76N7O9P3
796.1262273836,797.1335,,C38H40N2O5S6
777.8906101452,778.89789,,C15H6N16O13S5
877.0382182445,878.04549,,C31H35N5O11S7
542.362123913,543.3694,,C19H58N8OS4
562.604782427,563.61206,,C39H78O
450.0654650532,451.07274,,C15H10N14S2
746.6632686978,747.67055,,C31H91N10O5PS
779.241290142,780.24857,,C36H33N11O10
583.4326072104,584.43988,,C24H53N15S
829.9099971604,830.91727,,C30H19N6O7PS7
564.4967559735,565.50403,,C25H68N6O5S
557.5039663535,558.51124,,C34H63N5O
755.5218326764,756.52911,,C31H85N3O8S4
751.0800117378,752.08729,,C29H10N19O6P
569.7951543692,570.80243,,C11H7O13PS6
749.0407658776,750.04804,,C31H32N3O5PS6
561.2076222299,562.2149,,C15H40N5O13PS
800.0344873799,801.04176,,C39H12N8O11S
559.1680285871,560.17531,,C24H21N11O6
744.0831127315,745.09039,NADP,C21H29N7O17P3
739.7138972099,740.72117,,C41H89N9O2
758.2996205795,759.3069,,C34H66N2S8
578.9364155109,579.94369,,
601.1142132335,602.12149,,C27H15N13O3S
567.482406902,568.48968,,C29H65N3O7
791.7605743156,792.76785,,C34H89N21
556.5613175534,557.56859,,C28H72N6O4
558.097140044,559.10442,,C15H42O7S7
585.2418353451,586.24911,,C22H44N5O7PS2
915.4305566452,916.43783,,C32H58N19O11P
695.0758003234,696.08308,,C26H26N5O12PS2
570.9520231405,571.9593,,C16H9N7O11S3
834.2163621382,835.22364,Epifisetinidol-_4beta-_8_-epicatechin-_6-_4beta_-epifisetinidol,C45H38O16
603.2554084261,604.26268,,C22H41N11O3S3
693.049557406,694.05683,,C39H23N3S5
986.6853865669,987.69266,,C39H98N14O8S3
573.0360206966,574.0433,,C23H20N5O5PS3
576.7243329091,577.73161,,
584.6020880803,585.60936,,
768.8270602864,769.83434,,
550.9023880745,551.90966,,C16H9N9S7
767.8749199791,768.8822,,C27H12N8O4S8
792.3058874142,793.31316,,C31H53N8O10PS2
347.0378134483,348.04509,,C8H10N7O7P
558.0428632467,559.05014,,C17H12N12O7P2
729.773362686,730.78064,,C14H10N4O13S9
882.968751682,883.97603,,C37H30N3O5PS8
541.5334888615,542.54077,,C36H67N3
806.5126076491,807.51988,,C37H66N12O8
985.3207480406,986.32802,,C51H57NO15P2
563.8994450058,564.90672,,C19H16O6S7
569.8993647323,570.90664,,
495.3245709792,496.33185,,C18H53N7S4
480.1720703801,481.17935,,C11H32N10O5S3
768.6809104999,769.68819,,C35H92N8O7S
246.121610768,247.12889,L-beta-aspartyl-L-leucine,C10H18N2O5
817.4496245014,818.4569,,C36H71N11S5
734.1328080142,735.14008,,C20H43N6O11PS5
537.7412458489,538.74852,,
767.4258137554,768.43309,,C31H58N15O4PS
790.065682181,791.07296,,C44H11N10O5P
576.5629742897,577.57025,,C27H76N8S2
757.1004751842,758.10775,,C19H39N3O20S4
751.6041999869,752.61148,,C30H87N7O9P2
711.4775881142,712.48486,,
851.4966674904,852.50394,,C37H81N5O8S4
544.597626,545.6049,,C28H76N6O3
563.5967113292,564.60399,,C26H77N9OS
550.4275459041,551.43482,,C31H66OS3
693.4715982103,694.47887,,C20H60N19O6P
543.8652895108,544.87257,,C9H12N4O9S7
568.3369569255,569.34423,,C30H44N6O5
308.1298991184,309.13718,,
863.2813054429,864.28858,,C31H66N3O10PS6
362.0115587421,363.01884,,C10H6N10O2S2
598.7731493059,599.78043,,C15H5NO9S8
774.4867620122,775.49404,,C29H62N18O5S
589.491254212,590.49853,,C27H68N5O6P
771.2544225772,772.2617,,C35H45N7O7S3
821.4101033562,822.41738,,C39H64N7O6PS2
743.4413052682,744.44858,,
911.5110023555,912.51828,,C36H79N7O15P2
548.0872665792,549.09454,,C15H22N10O7P2S
539.1381958278,540.14547,,C16H36N3O9P3S
566.7738394766,567.78112,,
853.688080837,854.69536,,C48H95N5O3S2
562.128834549,563.13611,,C15H46O7S7
721.3432356789,722.35051,,C21H59N11O8S4
238.0606300294,239.06791,,C8H15O6P
805.800977679,806.80825,,C33H11O7PS8
732.7277626222,733.73504,,
862.6695496423,863.67683,PG_12:0_30:0_,C48H95O10P
553.8220071189,554.82928,,C9H7N4O10PS6
545.3228333671,546.33011,,
769.0388355183,770.04611,,C30H31N3O9S6
870.037018614,871.0443,,C46H22N4O7S4
917.6809913151,918.68827,Galabiosylceramide _d18:1_20:0_,C50H95NO13
896.6104843665,897.61776,,C56H84N2O5S
566.9454768749,567.95275,,C19H12N3O10P3S
570.9783590036,571.98564,,C23H10NO15P
585.7453144446,586.75259,,
744.6997968918,745.70707,,C42H92N6O2S
821.6686066317,822.67588,,C41H83N13O4
544.3498117389,545.35709,,C25H57N2O4PS2
820.8643803599,821.87166,,C25H16N3O15PS6
549.052407635,550.05968,,C20H24NO11PS2
803.2614563439,804.26873,,C18H51N11O18P2S
396.1371752739,397.14445,,C16H29O7PS
281.9868392083,282.99412,,C8H10O7S2
563.2564373725,564.26371,,C29H43NO6P2
762.6081192443,763.6154,,C41H94O3S4
794.4511053745,795.45838,,C41H70N4O5S3
808.4206550658,809.42793,,C39H71O11P3
795.3789790416,796.38626,,C29H61N15OS5
585.6272612975,586.63454,,
374.0130040355,375.02028,,C14H14O8S2
893.9483583228,894.95563,,C28H18N2O28S2
569.2401267727,570.2474,,C28H44NO5PS2
557.2795376197,558.28681,,C25H52NO4PS3
562.6412576486,563.64853,,C40H82
801.0431746275,802.05045,,C24H23N19S7
915.1706445165,916.17792,,C44H17N23OS
559.7248605496,560.73214,,
544.7977783435,545.80505,,C12H3NO12S6
899.1394109352,900.14669,,C28H58N3O9PS9
231.6203232257,232.6276,,
578.6379057995,579.64518,,
805.4884632796,806.49574,,
398.1755928703,399.18287,,C12H34N2O8S2
773.3926252732,774.3999,,C20H60N19O5PS3
835.0588079933,836.06608,,C34H34N3O10PS5
861.3568214234,862.3641,,
486.3125265644,487.3198,,C17H42N8O8
513.2125529402,514.21983,,C20H35N9OS3
233.1375584772,234.14483,Lysyl-Serine,C9H19N3O4
563.5045539264,564.51183,,C20H57N19
290.944001845,291.95128,,C7H5N3O4S3
906.2664832296,907.27376,Hopeaphenol,C56H42O12
583.3418825017,584.34916,,C21H41N15O5
776.9272669913,777.93454,,C20H6N13O16P3
483.2114309458,484.21871,,C24H37NO5S2
571.759573864,572.76685,,C18H4O4S9
550.2301203621,551.2374,,C16H39N8O9PS
573.1424609692,574.14974,,C19H19N13O9
804.1093006308,805.11658,,C47H12N14S
728.3847740357,729.39205,,
818.0219382505,819.02921,,C47H14N8S4
308.0915623804,309.09884,,C9H12N10OS
556.0140623857,557.02134,,C26H20O6S4
846.2147721524,847.22205,,
564.5461522513,565.55343,,
298.2660632989,299.27334,,C22H34
731.1127273996,732.12,,C14H32N13O14P3S
554.5113966336,555.51867,,
822.9526263087,823.9599,,C23H33N7O4S11
566.2106701938,567.21795,,C29H43O3PS3
788.5402647928,789.54754,,C36H73N10O7P
269.2719179274,270.27919,Capsiamide,C17H35NO
847.9696095992,848.97689,,C44H20N2O5S6
769.8246463066,770.83192,,C15H11N6O17PS6
758.3087150512,759.31599,,C26H55N12O4PS4
760.7604616482,761.76774,,C50H100N2S
574.8367517812,575.84403,,C18H5N7S8
896.5982921153,897.60557,,C29H89N18O3PS4
845.3659944163,846.37327,,C31H72N7O5PS6
543.4609364024,544.46821,,C23H69N5O2S3
342.289259773,343.29654,,
814.1503481339,815.15762,,C28H55N4O3PS9
765.3904579127,766.39773,,C48H47N9O
839.3824631586,840.38974,,C26H73N13OS8
258.041678859,259.04896,,
560.7018891548,561.70917,,
555.9124552514,556.91973,,C16H6N4O13P2S
201.9791043208,202.98638,,C4H10O3S3
834.9992258752,836.0065,,C22H5N21O15S
831.6037485019,832.61102,,C35H82N11O9P
243.1583476089,244.16562,Lysyl-Proline,C11H21N3O3
212.9949604459,214.00224,,
567.4167007326,568.42398,,C31H58N3O4P
561.7145970615,562.72187,,
893.1741522048,894.18143,,C22H47N13O13S6
493.3225194981,494.3298,,C20H51N3O6S2
535.7438656236,536.75114,,
867.5330999227,868.54038,,C28H81N15O7S4
795.6832657112,796.69054,,C15H9O16PS10
773.8989253725,774.9062,,C23H11N12O6PS6
538.1689792481,539.17626,,C26H34O8S2
546.8001974896,547.80747,,
561.4210955923,562.42837,,C26H63N3O5S2
562.0162095589,563.02349,,C13H18N14S6
509.1635834742,510.17086,,C14H39NO12S3
559.0625372479,560.06981,,C18H15N11O7P2
356.2926640643,357.29994,MG_18:1_11Z_0:0_0:0_0:0_,C21H40O4
876.1466155386,877.15389,,C24H41N14O10PS5
796.3603059332,797.36758,,C27H68N6O10S5
576.781625264,577.7889,,C14H4N5O3PS8
534.5962205252,535.6035,,
564.869714348,565.87699,,C24H7NO4S6
885.7393810832,886.74666,,C59H99NO2S
864.2860142852,865.29329,,C46H56O8S4
387.2468092969,388.25409,,C16H37NO9
270.1830455502,271.19032,Ethylene brassylate,C15H26O4
817.066562007,818.07384,,
874.0462646894,875.05354,,C20H38N6O20S6
230.2033217716,231.2106,,C17H26
848.018730269,849.02601,,
899.4285909189,900.43587,,C43H71N3O11P2S
810.6170213038,811.6243,,C32H94N10O2S5
549.7411393569,550.74842,,
229.0715630133,230.07884,,C6H16NO6P
824.6772910259,825.68457,,C46H96O9S
759.6360955356,760.64337,,C44H77N11
548.90128595,549.90856,,C16H12N3O7PS5
815.9728185997,816.9801,,C22H40O12S10
782.1241756131,783.13145,,C16H22N20O16S
570.5377655969,571.54504,,C39H70O2
559.422612131,560.42989,,C26H61N3O7S
844.7042884647,845.71156,,C33H93N14O8P
546.1933547143,547.20063,,C20H40N2O9P2S
563.5523916126,564.55967,,
549.1298883365,550.13716,,C12H36N7O7PS4
557.2827869773,558.29006,,C25H39N11S2
523.0491685255,524.05644,,C10H22N9O8PS3
561.2705691515,562.27785,,C16H43N5O16
804.2559155221,805.26319,,C39H40N12O2S3
528.8418939088,529.84917,,C11H4N3O12PS4
896.0623800078,897.06966,,C51H16N10O2S3
568.9795409809,569.98682,,C17H17NO15P2S
790.2443391418,791.25162,,C28H58O15P4S
805.9203569487,806.92763,,C22H6N20O4S6
557.7310402523,558.73832,,
557.4689061927,558.47618,,C21H63N7O9
890.0673311514,891.07461,,C17H31N16O17PS4
560.6264922717,561.63377,,C25H76N12O
314.1717094502,315.17899,,C10H27N4O5P
549.9448104143,550.95209,,C13H18N4O8S6
277.1309990328,278.13828,,
562.7772942153,563.78457,,
567.8933680405,568.90064,,C12H9N8O7PS5
553.4025693298,554.40985,,C22H63N7S4
475.1334089627,476.14069,,C20H29NO8S2
561.1991919989,562.20647,,
849.4626321094,850.46991,,C36H75N5O11S3
418.039267358,419.04654,,C16H18O9S2
547.825311292,548.83259,,C13H9O10PS6
807.7303627482,808.73764,,C34H97N9O11
471.1587258153,472.166,,C15H17N15O4
790.6378281018,791.6451,,C31H82N16O5S
993.355902645,994.36318,,C26H75N9O18S6
554.6687988435,555.67608,,
851.6819663479,852.68924,,C20H9N2O12PS11
352.0866584613,353.09393,,
554.6387493588,555.64603,,
533.0467313042,534.05401,,C25H27NS6
892.5313342202,893.53861,,C48H72N6O10
847.0028787316,848.01016,,C22H6N23O12PS
535.6351204857,536.6424,,
547.4252442854,548.43252,,C19H49N17O2
299.0852986149,300.09258,,C9H17NO10
646.4532256084,647.4605,PA_16:0_16:1_11Z_,C35H67O8P
648.5857518624,649.59303,zymosteryl oleate,C45H76O2
790.5687036805,791.57598,PG_10:0_26:1_9Z_,C43H83O10P
680.6307153593,681.63799,DG_10:0_30:0_0:0_,C43H84O5
734.6770266095,735.6843,DG_14:1_11Z_30:0_0:0_,C47H90O5
648.5742637978,649.58154,DG_14:1_11Z_24:1_11Z_0:0_,C41H76O5
634.5488713254,635.55615,DG_15:1_11Z_22:1_11Z_0:0_,C40H74O5
675.4822471799,676.48952,PC_12:0_16:1_9Z_,C36H70NO8P
739.5164653072,740.52374,"PE_18:2_9Z,11Z_18:2_9Z,11Z_",C41H74NO8P
916.5076689496,917.51495,1-MLCL_0:0_10:0_10:0_14:1_9Z_,C43H82O16P2
550.1636416927,551.17092,Castavinol C3,C26H30O13
914.5983518965,915.60563,PGP_10:0_30:0_,C46H92O13P2
802.7440068641,803.75128,DG_22:1_11Z_26:1_9Z_0:0_,C52H98O5
535.0974153275,536.10469,lipoyl-AMP,C18H26N5O8PS2
